dataset_name,dataset_dir,task_type,n_train,n_val,n_test,n_features,n_classes,accuracy,f1,fit_seconds,predict_seconds,status,error,aoc,aoc_metric,aoc_error,n_train_a,n_train_b,n_holdout_c,n_test_d,ttt_loss,ttt_steps,ttt_lr,ttt_applied,ttt_update_seconds,ttt_split_strategy,ttt_split_reason,ttt_epochs,ttt_chunks_per_epoch,ttt_batch_mode,ttt_val_baseline_accuracy,ttt_val_best_accuracy,ttt_best_epoch,ttt_stopped_early,llm_col_enabled,llm_col_model,llm_col_alpha,llm_col_dim,llm_col_feature_count,llm_col_cache_hits,llm_col_cache_misses,llm_col_error
ASP-POTASSCO-classification,/home/crc00006699/zh/tabiclv2/data178/ASP-POTASSCO-classification,multiclass,1035,207,259,141,11,0.4864864864864865,0.4677189476256108,1.569788932800293,3.899799108505249,ok,,1.5038691009119731,log_loss,,1035,828,0,259,,0,5e-06,False,0.973390817642212,full_train_epoch_chunks,full train set chunked per epoch | validation=dataset_val_split | TTT training skipped because n_classes=11 exceeds model max_classes=10,0,0,epoch_chunk,,,0,False,True,text-embedding-v4,0.05,128,141,141,0,
BNG(breast-w),/home/crc00006699/zh/tabiclv2/data178/BNG(breast-w),binclass,31492,6299,7874,9,2,0.9880619761239524,0.9880733760592986,3652.675860881805,20.61973214149475,ok,,0.0008158242022129,1_minus_roc_auc,,31492,25193,0,7874,0.0378112746402621,44,5e-06,True,3652.428330183029,full_train_epoch_chunks,full train set chunked per epoch | validation=dataset_val_split,30,2,epoch_chunk,0.9872995713605334,0.9882521035084936,14,True,True,text-embedding-v4,0.05,128,9,9,0,
Bank_Customer_Churn_Dataset,/home/crc00006699/zh/tabiclv2/data178/Bank_Customer_Churn_Dataset,binclass,8000,1600,2000,10,2,0.8735,0.8633081757288066,271.0856900215149,2.7311341762542725,ok,,0.1165826843792944,1_minus_roc_auc,,8000,6400,0,2000,0.3139077480882406,12,5e-06,True,270.99617314338684,full_train_epoch_chunks,full train set chunked per epoch | validation=dataset_val_split,30,1,epoch_chunk,0.865,0.868125,4,True,True,text-embedding-v4,0.05,128,10,0,10,
Cardiovascular-Disease-dataset,/home/crc00006699/zh/tabiclv2/data178/Cardiovascular-Disease-dataset,binclass,56000,11200,14000,11,2,0.7342857142857143,0.7340035355954256,3896.077474117279,56.96031522750855,ok,,0.1982520137149432,1_minus_roc_auc,,56000,44800,0,14000,0.5461759194731712,36,5e-06,True,3895.5782260894775,full_train_epoch_chunks,full train set chunked per epoch | validation=dataset_val_split,30,3,epoch_chunk,0.7324107142857142,0.7332142857142857,4,True,True,text-embedding-v4,0.05,128,11,0,11,
Customer_Personality_Analysis,/home/crc00006699/zh/tabiclv2/data178/Customer_Personality_Analysis,binclass,1792,359,448,24,2,0.8928571428571429,0.8848287598792377,44.04778480529785,0.7877383232116699,ok,,0.0865554119167939,1_minus_roc_auc,,1792,1433,0,448,0.2665215255692601,9,5e-06,True,43.981908321380615,full_train_epoch_chunks,full train set chunked per epoch | validation=dataset_val_split,30,1,epoch_chunk,0.8885793871866295,0.8913649025069638,1,True,True,text-embedding-v4,0.05,128,24,0,24,
Employee,/home/crc00006699/zh/tabiclv2/data178/Employee,binclass,3722,745,931,8,2,0.8592910848549946,0.8530915398850347,119.98018622398376,1.0791008472442627,ok,,0.1194174509001636,1_minus_roc_auc,,3722,2977,0,931,0.3692710790783167,16,5e-06,True,119.92648482322691,full_train_epoch_chunks,full train set chunked per epoch | validation=dataset_val_split,30,1,epoch_chunk,0.8523489932885906,0.8563758389261745,8,True,True,text-embedding-v4,0.05,128,8,0,8,
FOREX_audcad-hour-High,/home/crc00006699/zh/tabiclv2/data178/FOREX_audcad-hour-High,binclass,35060,7012,8765,10,2,0.7170564746149458,0.7168669892309556,1485.567404270172,24.781044721603397,ok,,0.2104334991819089,1_minus_roc_auc,,35060,28048,0,8765,0.548858255147934,16,5e-06,True,1485.269782781601,full_train_epoch_chunks,full train set chunked per epoch | validation=dataset_val_split,30,2,epoch_chunk,0.7189104392470052,0.7189104392470052,0,True,True,text-embedding-v4,0.05,128,10,0,10,
FOREX_audjpy-hour-High,/home/crc00006699/zh/tabiclv2/data178/FOREX_audjpy-hour-High,binclass,35060,7012,8765,10,2,0.7219623502567027,0.7219339817020655,1486.159803390503,24.76826500892639,ok,,0.1998761114041607,1_minus_roc_auc,,35060,28048,0,8765,0.5699698012322187,16,5e-06,True,1485.8900797367096,full_train_epoch_chunks,full train set chunked per epoch | validation=dataset_val_split,30,2,epoch_chunk,0.7181973759269823,0.7181973759269823,0,True,True,text-embedding-v4,0.05,128,10,0,10,
FOREX_cadjpy-day-High,/home/crc00006699/zh/tabiclv2/data178/FOREX_cadjpy-day-High,binclass,1467,294,367,10,2,0.7111716621253406,0.7103545966706896,66.61445093154907,0.4652967453002929,ok,,0.2080808980755522,1_minus_roc_auc,,1467,1173,0,367,0.5241509489715099,24,5e-06,True,66.57792496681213,full_train_epoch_chunks,full train set chunked per epoch | validation=dataset_val_split,30,1,epoch_chunk,0.6972789115646258,0.7244897959183674,16,True,True,text-embedding-v4,0.05,128,10,0,10,
Fitness_Club_c,/home/crc00006699/zh/tabiclv2/data178/Fitness_Club_c,binclass,1200,240,300,6,2,0.8,0.7922205310333165,18.11000275611877,0.2749972343444824,ok,,0.176718018823282,1_minus_roc_auc,,1200,960,0,300,0.4508579764515161,10,5e-06,True,18.079630613327023,full_train_epoch_chunks,full train set chunked per epoch | validation=dataset_val_split,30,1,epoch_chunk,0.7666666666666667,0.775,2,True,True,text-embedding-v4,0.05,128,6,0,6,
Gender_Gap_in_Spanish_WP,/home/crc00006699/zh/tabiclv2/data178/Gender_Gap_in_Spanish_WP,multiclass,3796,760,950,13,3,0.6147368421052631,0.5700715658371158,111.45098781585692,1.25532865524292,ok,,0.7901486627983206,log_loss,,3796,3036,0,950,0.8206093292683363,13,5e-06,True,111.39723682403564,full_train_epoch_chunks,full train set chunked per epoch | validation=dataset_val_split,30,1,epoch_chunk,0.6171052631578947,0.6236842105263158,5,True,True,text-embedding-v4,0.05,128,13,0,13,
IBM_HR_Analytics_Employee_Attrition_and_Performance,/home/crc00006699/zh/tabiclv2/data178/IBM_HR_Analytics_Employee_Attrition_and_Performance,binclass,1176,236,294,31,2,0.8775510204081632,0.865202906820623,31.46684837341309,0.5879905223846436,ok,,0.1630631406667241,1_minus_roc_auc,,1176,940,0,294,0.3018194558098912,8,5e-06,True,31.392820119857788,full_train_epoch_chunks,full train set chunked per epoch | validation=dataset_val_split,30,1,epoch_chunk,0.9110169491525424,0.9110169491525424,0,True,True,text-embedding-v4,0.05,128,31,0,31,
JapaneseVowels,/home/crc00006699/zh/tabiclv2/data178/JapaneseVowels,multiclass,7968,1594,1993,14,9,0.9994982438534872,0.999498083906782,194.20925092697144,2.955708742141724,ok,,0.0009614327224848,log_loss,,7968,6374,0,1993,0.014292534237029,8,5e-06,True,194.1047649383545,full_train_epoch_chunks,full train set chunked per epoch | validation=dataset_val_split,30,1,epoch_chunk,0.9968632371392724,0.9968632371392724,0,True,True,text-embedding-v4,0.05,128,14,0,14,
MagicTelescope,/home/crc00006699/zh/tabiclv2/data178/MagicTelescope,binclass,15216,3044,3804,9,2,0.8951104100946372,0.8936037007397082,1369.9471864700315,6.411985158920288,ok,,0.0510113932137761,1_minus_roc_auc,,15216,12172,0,3804,0.2805994432419538,22,5e-06,True,1369.8178191184998,full_train_epoch_chunks,full train set chunked per epoch | validation=dataset_val_split,30,1,epoch_chunk,0.8820630749014454,0.8850197109067017,14,True,True,text-embedding-v4,0.05,128,9,0,9,
National_Health_and_Nutrition_Health_Survey,/home/crc00006699/zh/tabiclv2/data178/National_Health_and_Nutrition_Health_Survey,binclass,1822,365,456,7,2,0.8333333333333334,0.7812470672147456,23.38592004776001,0.4671528339385986,ok,,0.2233270145570298,1_minus_roc_auc,,1822,1457,0,456,0.3818044206127524,8,5e-06,True,23.35351657867432,full_train_epoch_chunks,full train set chunked per epoch | validation=dataset_val_split,30,1,epoch_chunk,0.8547945205479452,0.8547945205479452,0,True,True,text-embedding-v4,0.05,128,7,0,7,
Pima_Indians_Diabetes_Database,/home/crc00006699/zh/tabiclv2/data178/Pima_Indians_Diabetes_Database,binclass,614,123,154,8,2,0.7272727272727273,0.7179459691252145,15.880610466003418,0.4362533092498779,ok,,0.1390740740740741,1_minus_roc_auc,,614,491,0,154,0.5465051382780075,8,5e-06,True,15.851565837860107,full_train_epoch_chunks,full train set chunked per epoch | validation=dataset_val_split,30,1,epoch_chunk,0.7723577235772358,0.7723577235772358,0,True,True,text-embedding-v4,0.05,128,8,0,8,
QSAR_biodegradation,/home/crc00006699/zh/tabiclv2/data178/QSAR_biodegradation,binclass,843,169,211,41,2,0.8862559241706162,0.8844403574544338,33.19430756568909,1.2037558555603027,ok,,0.0493963782696176,1_minus_roc_auc,,843,674,0,211,0.2890900922939181,9,5e-06,True,33.077582359313965,full_train_epoch_chunks,full train set chunked per epoch | validation=dataset_val_split,30,1,epoch_chunk,0.863905325443787,0.8698224852071006,1,True,True,text-embedding-v4,0.05,128,41,0,41,
Satellite,/home/crc00006699/zh/tabiclv2/data178/Satellite,binclass,4080,816,1020,36,2,0.9931372549019608,0.9921048327071554,111.53050255775452,2.0904929637908936,ok,,0.0060364842454394,1_minus_roc_auc,,4080,3264,0,1020,0.0065181872778339,8,5e-06,True,111.39582800865172,full_train_epoch_chunks,full train set chunked per epoch | validation=dataset_val_split,30,1,epoch_chunk,0.9963235294117648,0.9963235294117648,0,True,True,text-embedding-v4,0.05,128,36,0,36,
Water_Quality_and_Potability,/home/crc00006699/zh/tabiclv2/data178/Water_Quality_and_Potability,binclass,2620,524,656,8,2,0.6524390243902439,0.6012679739509007,68.90214443206787,0.7509572505950928,ok,,0.3287890625,1_minus_roc_auc,,2620,2096,0,656,0.6469021923840046,14,5e-06,True,68.86635708808899,full_train_epoch_chunks,full train set chunked per epoch | validation=dataset_val_split,30,1,epoch_chunk,0.6412213740458015,0.6450381679389313,6,True,True,text-embedding-v4,0.05,128,8,0,8,
accelerometer,/home/crc00006699/zh/tabiclv2/data178/accelerometer,multiclass,122403,24481,30601,4,4,0.7457272638149081,0.7436520307633886,5769.505288600922,228.48146033287048,ok,,0.5304840092950321,log_loss,,122403,97922,0,30601,0.5729962475597858,48,5e-06,True,5769.103327512741,full_train_epoch_chunks,full train set chunked per epoch | validation=dataset_val_split,30,5,epoch_chunk,0.7437196192965974,0.7462521955802459,2,True,True,text-embedding-v4,0.05,128,4,0,4,
ada_prior,/home/crc00006699/zh/tabiclv2/data178/ada_prior,binclass,3649,730,913,14,2,0.8663745892661555,0.8586959679956893,158.92951583862305,1.230109453201294,ok,,0.0970286793131348,1_minus_roc_auc,,3649,2919,0,913,0.3338243374601006,19,5e-06,True,158.86004376411438,full_train_epoch_chunks,full train set chunked per epoch | validation=dataset_val_split,30,1,epoch_chunk,0.8328767123287671,0.8465753424657534,11,True,True,text-embedding-v4,0.05,128,14,0,14,
allrep,/home/crc00006699/zh/tabiclv2/data178/allrep,multiclass,3017,604,755,29,4,0.9841059602649008,0.9836103393706578,86.67396712303162,1.3275091648101809,ok,,0.0380076884879868,log_loss,,3017,2413,0,755,0.0302558143157511,10,5e-06,True,86.56366682052612,full_train_epoch_chunks,full train set chunked per epoch | validation=dataset_val_split,30,1,epoch_chunk,0.9867549668874172,0.98841059602649,2,True,True,text-embedding-v4,0.05,128,29,0,29,
autoUniv-au4-2500,/home/crc00006699/zh/tabiclv2/data178/autoUniv-au4-2500,multiclass,2000,400,500,100,3,0.714,0.6844249057584817,154.3991720676422,2.082672119140625,ok,,0.6621461650938697,log_loss,,2000,1600,0,500,0.7470498457551003,12,5e-06,True,154.14126706123352,full_train_epoch_chunks,full train set chunked per epoch | validation=dataset_val_split,30,1,epoch_chunk,0.7075,0.72,4,True,True,text-embedding-v4,0.05,128,100,0,100,
banknote_authentication,/home/crc00006699/zh/tabiclv2/data178/banknote_authentication,binclass,1097,220,275,4,2,0.5345454545454545,0.4156603604640751,19.776651620864868,0.1532175540924072,ok,,0.4528822457944926,1_minus_roc_auc,,1097,877,0,275,0.678499661386013,17,5e-06,True,19.75231623649597,full_train_epoch_chunks,full train set chunked per epoch | validation=dataset_val_split,30,1,epoch_chunk,0.5772727272727273,0.5909090909090909,9,True,True,text-embedding-v4,0.05,128,4,0,4,
churn,/home/crc00006699/zh/tabiclv2/data178/churn,binclass,4000,800,1000,20,2,0.967,0.9656316025636732,83.95048522949219,1.5668950080871582,ok,,0.0676111922984833,1_minus_roc_auc,,4000,3200,0,1000,0.1188640228938311,8,5e-06,True,83.85693764686584,full_train_epoch_chunks,full train set chunked per epoch | validation=dataset_val_split,30,1,epoch_chunk,0.975,0.975,0,True,True,text-embedding-v4,0.05,128,20,0,20,
compass,/home/crc00006699/zh/tabiclv2/data178/compass,binclass,13315,2663,3329,17,2,0.8987683989185942,0.8986704537208636,1672.6386733055117,6.002671957015991,ok,,0.0390695382882881,1_minus_roc_auc,,13315,10652,0,3329,0.3357837107032537,30,5e-06,True,1672.424458026886,full_train_epoch_chunks,full train set chunked per epoch | validation=dataset_val_split,30,1,epoch_chunk,0.8047315058205032,0.8764551257979722,29,False,True,text-embedding-v4,0.05,128,17,0,17,
customer_satisfaction_in_airline,/home/crc00006699/zh/tabiclv2/data178/customer_satisfaction_in_airline,binclass,103904,20781,25976,21,2,0.9647751770865414,,2.297561883926392,203.91481137275696,ok,"baseline_fallback_from_iclv2_ensmble32; original_status: fail; original_error: OutOfMemoryError: CUDA out of memory. Tried to allocate 40.00 MiB. GPU 0 has a total capacity of 23.57 GiB of which 22.00 MiB is free. Process 49894 has 23.54 GiB memory in use. Of the allocated memory 22.91 GiB is allocated by PyTorch, and 318.29 MiB is reserved by PyTorch but unallocated. If reserved but unallocated memory is large try setting PYTORCH_CUDA_ALLOC_CONF=expandable_segments:True to avoid fragmentation.  See documentation for Memory Management  (https://pytorch.org/docs/stable/notes/cuda.html#environment-variables)",,,,0,0,0,0,,0,,False,0.0,,,0,0,,,,0,False,True,text-embedding-v4,0.05,128,21,0,21,
delta_ailerons,/home/crc00006699/zh/tabiclv2/data178/delta_ailerons,binclass,5703,1141,1426,5,2,0.953015427769986,0.953028571020914,64.5630042552948,1.0323467254638672,ok,,0.0176153607683543,1_minus_roc_auc,,5703,4562,0,1426,0.1477640303783118,8,5e-06,True,64.5206925868988,full_train_epoch_chunks,full train set chunked per epoch | validation=dataset_val_split,30,1,epoch_chunk,0.9430324276950044,0.9430324276950044,0,True,True,text-embedding-v4,0.05,128,5,0,5,
drug_consumption,/home/crc00006699/zh/tabiclv2/data178/drug_consumption,multiclass,1507,302,377,12,7,0.403183023872679,0.2316968605998004,24.799697160720825,0.501335620880127,ok,,1.5125138021957498,log_loss,,1507,1205,0,377,1.5001232735812664,8,5e-06,True,24.759019136428837,full_train_epoch_chunks,full train set chunked per epoch | validation=dataset_val_split,30,1,epoch_chunk,0.4039735099337748,0.4039735099337748,0,True,True,text-embedding-v4,0.05,128,12,0,12,
electricity,/home/crc00006699/zh/tabiclv2/data178/electricity,binclass,36249,7250,9063,8,2,0.9415204678362572,0.9414940578962004,5576.242198467255,25.621678829193115,ok,,0.0126349457725296,1_minus_roc_auc,,36249,28999,0,9063,0.2799306912347674,60,5e-06,True,5575.955043792725,full_train_epoch_chunks,full train set chunked per epoch | validation=dataset_val_split,30,2,epoch_chunk,0.917103448275862,0.9321379310344828,30,False,True,text-embedding-v4,0.05,128,8,0,8,
eye_movements_bin,/home/crc00006699/zh/tabiclv2/data178/eye_movements_bin,binclass,6086,1218,1522,20,2,0.9500657030223392,0.9500653581227974,539.412112236023,2.444291830062866,ok,,0.007953432874995,1_minus_roc_auc,,6086,4868,0,1522,0.369883828330785,30,5e-06,True,539.288830280304,full_train_epoch_chunks,full train set chunked per epoch | validation=dataset_val_split,30,1,epoch_chunk,0.6477832512315271,0.9203612479474548,29,False,True,text-embedding-v4,0.05,128,20,0,20,
gina_agnostic,/home/crc00006699/zh/tabiclv2/data178/gina_agnostic,binclass,2774,555,694,970,2,0.9740634005763688,,3.1922767162323,44.48625326156616,ok,"baseline_fallback_from_iclv2_ensmble32; original_status: fail; original_error: OutOfMemoryError: CUDA out of memory. Tried to allocate 1.03 GiB. GPU 0 has a total capacity of 23.57 GiB of which 720.00 MiB is free. Process 49894 has 22.86 GiB memory in use. Of the allocated memory 22.35 GiB is allocated by PyTorch, and 194.65 MiB is reserved by PyTorch but unallocated. If reserved but unallocated memory is large try setting PYTORCH_CUDA_ALLOC_CONF=expandable_segments:True to avoid fragmentation.  See documentation for Memory Management  (https://pytorch.org/docs/stable/notes/cuda.html#environment-variables)",,,,0,0,0,0,,0,,False,0.0,,,0,0,,,,0,False,True,text-embedding-v4,0.05,128,970,0,970,
hill-valley,/home/crc00006699/zh/tabiclv2/data178/hill-valley,binclass,969,194,243,100,2,0.9753086419753086,0.9753002754267776,156.4900255203247,1.123671293258667,ok,,0.0008128979813033,1_minus_roc_auc,,969,775,0,243,0.0304951500911556,24,5e-06,True,156.34219670295715,full_train_epoch_chunks,full train set chunked per epoch | validation=dataset_val_split,30,1,epoch_chunk,0.9329896907216496,0.9845360824742267,16,True,True,text-embedding-v4,0.05,128,100,0,100,
ibm-employee-performance,/home/crc00006699/zh/tabiclv2/data178/ibm-employee-performance,binclass,1176,236,294,30,2,1.0,1.0,31.048993587493896,0.5851759910583496,ok,,0.0,1_minus_roc_auc,,1176,940,0,294,1.7494972226472782e-06,8,5e-06,True,30.969459295272827,full_train_epoch_chunks,full train set chunked per epoch | validation=dataset_val_split,30,1,epoch_chunk,1.0,1.0,0,True,True,text-embedding-v4,0.05,128,30,0,30,
internet_usage,/home/crc00006699/zh/tabiclv2/data178/internet_usage,multiclass,8086,1618,2022,70,46,0.5499505440158259,0.4736215384022403,4.713390111923218,15.381086349487305,ok,,1.3633728895928694,log_loss,,8086,6468,0,2022,,0,5e-06,False,3.7031500339508057,full_train_epoch_chunks,full train set chunked per epoch | validation=dataset_val_split | TTT training skipped because n_classes=46 exceeds model max_classes=10,0,0,epoch_chunk,,,0,False,True,text-embedding-v4,0.05,128,70,0,70,
kc1,/home/crc00006699/zh/tabiclv2/data178/kc1,binclass,1687,338,422,21,2,0.8767772511848341,0.8621892824016847,45.36009478569031,0.6931965351104736,ok,,0.1394527041585864,1_minus_roc_auc,,1687,1349,0,422,0.3033591601997614,11,5e-06,True,45.30137610435486,full_train_epoch_chunks,full train set chunked per epoch | validation=dataset_val_split,30,1,epoch_chunk,0.878698224852071,0.8846153846153846,3,True,True,text-embedding-v4,0.05,128,21,0,21,
kropt,/home/crc00006699/zh/tabiclv2/data178/kropt,multiclass,22444,4489,5612,6,18,0.9160727013542408,0.9159837702371332,1.3368043899536133,25.532753944396973,ok,,0.2397507916475675,log_loss,,22444,17955,0,5612,,0,5e-06,False,0.8372583389282227,full_train_epoch_chunks,full train set chunked per epoch | validation=dataset_val_split | TTT training skipped because n_classes=18 exceeds model max_classes=10,0,0,epoch_chunk,,,0,False,True,text-embedding-v4,0.05,128,6,0,6,
letter,/home/crc00006699/zh/tabiclv2/data178/letter,multiclass,16000,3200,4000,15,26,0.99,0.9899971395278518,1.7433629035949707,17.5113582611084,ok,,0.0263694827365603,log_loss,,16000,12800,0,4000,,0,5e-06,False,1.2068586349487305,full_train_epoch_chunks,full train set chunked per epoch | validation=dataset_val_split | TTT training skipped because n_classes=26 exceeds model max_classes=10,0,0,epoch_chunk,,,0,False,True,text-embedding-v4,0.05,128,15,0,15,
maternal_health_risk,/home/crc00006699/zh/tabiclv2/data178/maternal_health_risk,multiclass,811,163,203,6,3,0.8719211822660099,0.8701077326808658,17.873135328292847,0.5429761409759521,ok,,0.3324035572150929,log_loss,,811,648,0,203,0.4372975984588265,9,5e-06,True,17.84777331352234,full_train_epoch_chunks,full train set chunked per epoch | validation=dataset_val_split,30,1,epoch_chunk,0.8282208588957055,0.8343558282208589,1,True,True,text-embedding-v4,0.05,128,6,0,6,
mfeat-karhunen,/home/crc00006699/zh/tabiclv2/data178/mfeat-karhunen,multiclass,1600,320,400,64,10,0.975,0.975015727207024,90.3170702457428,1.2527363300323486,ok,,0.0875747812510759,log_loss,,1600,1280,0,400,0.0346869200002402,12,5e-06,True,90.1904227733612,full_train_epoch_chunks,full train set chunked per epoch | validation=dataset_val_split,30,1,epoch_chunk,0.978125,0.98125,4,True,True,text-embedding-v4,0.05,128,64,0,64,
mfeat-zernike,/home/crc00006699/zh/tabiclv2/data178/mfeat-zernike,multiclass,1600,320,400,47,10,0.905,0.903971400152896,96.78248691558838,1.0125625133514404,ok,,0.2148765204296559,log_loss,,1600,1280,0,400,0.1912199547514319,17,5e-06,True,96.6764509677887,full_train_epoch_chunks,full train set chunked per epoch | validation=dataset_val_split,30,1,epoch_chunk,0.896875,0.9125,9,True,True,text-embedding-v4,0.05,128,47,0,47,
mobile_c36_oversampling,/home/crc00006699/zh/tabiclv2/data178/mobile_c36_oversampling,binclass,41408,8282,10352,6,2,0.9939142194744977,0.9939084272964068,1939.2464418411253,23.34514260292053,ok,,0.0006240192976559,1_minus_roc_auc,,41408,33126,0,10352,0.0314727813238278,24,5e-06,True,1939.0639505386357,full_train_epoch_chunks,full train set chunked per epoch | validation=dataset_val_split,30,2,epoch_chunk,0.9944457860420188,0.9948080173871046,4,True,True,text-embedding-v4,0.05,128,6,0,6,
national-longitudinal-survey-binary,/home/crc00006699/zh/tabiclv2/data178/national-longitudinal-survey-binary,binclass,3926,786,982,16,2,1.0,1.0,76.58702611923218,1.3913016319274902,ok,,0.0,1_minus_roc_auc,,3926,3140,0,982,0.0001829914909876,8,5e-06,True,76.50277400016785,full_train_epoch_chunks,full train set chunked per epoch | validation=dataset_val_split,30,1,epoch_chunk,1.0,1.0,0,True,True,text-embedding-v4,0.05,128,16,0,16,
one-hundred-plants-shape,/home/crc00006699/zh/tabiclv2/data178/one-hundred-plants-shape,multiclass,1280,256,320,64,100,0.8375,0.8270262896825396,4.318859100341797,5.702608823776245,ok,,0.5678311772423577,log_loss,,1280,1024,0,320,,0,5e-06,False,3.852908134460449,full_train_epoch_chunks,full train set chunked per epoch | validation=dataset_val_split | TTT training skipped because n_classes=100 exceeds model max_classes=10,0,0,epoch_chunk,,,0,False,True,text-embedding-v4,0.05,128,64,0,64,
optdigits,/home/crc00006699/zh/tabiclv2/data178/optdigits,multiclass,4496,900,1124,64,10,0.9973309608540926,0.997330908588654,208.03708600997925,3.7397401332855225,ok,,0.0089721791670836,log_loss,,4496,3596,0,1124,0.0165861191344447,9,5e-06,True,207.78652667999268,full_train_epoch_chunks,full train set chunked per epoch | validation=dataset_val_split,30,1,epoch_chunk,0.99,0.9922222222222222,1,True,True,text-embedding-v4,0.05,128,64,0,64,
pc1,/home/crc00006699/zh/tabiclv2/data178/pc1,binclass,887,178,222,21,2,0.945945945945946,0.9366302968198704,21.532949209213257,0.8504440784454346,ok,,0.1025764895330112,1_minus_roc_auc,,887,709,0,222,0.1841802205890417,8,5e-06,True,21.48334288597107,full_train_epoch_chunks,full train set chunked per epoch | validation=dataset_val_split,30,1,epoch_chunk,0.9325842696629212,0.9325842696629212,0,True,True,text-embedding-v4,0.05,128,21,0,21,
pendigits,/home/crc00006699/zh/tabiclv2/data178/pendigits,multiclass,8793,1759,2199,16,10,0.9972714870395636,0.9972742335430836,231.45364499092105,3.5075998306274414,ok,,0.0120183114369949,log_loss,,8793,7034,0,2199,0.0049533399651409,8,5e-06,True,231.3223659992218,full_train_epoch_chunks,full train set chunked per epoch | validation=dataset_val_split,30,1,epoch_chunk,0.9982944855031268,0.9982944855031268,0,True,True,text-embedding-v4,0.05,128,16,0,16,
predict_students_dropout_and_academic_success,/home/crc00006699/zh/tabiclv2/data178/predict_students_dropout_and_academic_success,multiclass,3539,708,885,34,3,0.7830508474576271,0.7778367808951151,149.938378572464,1.7633662223815918,ok,,0.5520779680705677,log_loss,,3539,2831,0,885,0.545302651822567,13,5e-06,True,149.78211760520935,full_train_epoch_chunks,full train set chunked per epoch | validation=dataset_val_split,30,1,epoch_chunk,0.8022598870056498,0.8107344632768362,5,True,True,text-embedding-v4,0.05,128,34,0,34,
ringnorm,/home/crc00006699/zh/tabiclv2/data178/ringnorm,binclass,5920,1184,1480,20,2,0.977027027027027,0.9770219907050234,244.27454161643985,2.3682281970977783,ok,,0.0028344391663972,1_minus_roc_auc,,5920,4736,0,1480,0.049310635542497,14,5e-06,True,244.16598534584045,full_train_epoch_chunks,full train set chunked per epoch | validation=dataset_val_split,30,1,epoch_chunk,0.981418918918919,0.983108108108108,6,True,True,text-embedding-v4,0.05,128,20,0,20,
segment,/home/crc00006699/zh/tabiclv2/data178/segment,multiclass,1848,370,462,17,7,0.9523809523809524,0.9523661343862664,51.733611822128296,0.6561059951782227,ok,,0.141146722345356,log_loss,,1848,1478,0,462,0.1787827676162123,13,5e-06,True,51.68201661109924,full_train_epoch_chunks,full train set chunked per epoch | validation=dataset_val_split,30,1,epoch_chunk,0.9432432432432432,0.9486486486486486,5,True,True,text-embedding-v4,0.05,128,17,0,17,
shuttle,/home/crc00006699/zh/tabiclv2/data178/shuttle,multiclass,46400,9280,11600,9,7,0.9993103448275862,0.9993053493768193,2111.650759935379,39.654597759246826,ok,,0.0010317513776095,log_loss,,46400,37120,0,11600,0.0006802756715842,16,5e-06,True,2111.3038744926453,full_train_epoch_chunks,full train set chunked per epoch | validation=dataset_val_split,30,2,epoch_chunk,0.9998922413793104,0.9998922413793104,0,True,True,text-embedding-v4,0.05,128,9,0,9,
sports_articles_for_objectivity_analysis,/home/crc00006699/zh/tabiclv2/data178/sports_articles_for_objectivity_analysis,binclass,800,160,200,59,2,0.845,0.8419021663172606,33.413408517837524,1.3847413063049316,ok,,0.1052745119188868,1_minus_roc_auc,,800,640,0,200,0.4527769852429628,8,5e-06,True,33.303056716918945,full_train_epoch_chunks,full train set chunked per epoch | validation=dataset_val_split,30,1,epoch_chunk,0.8375,0.8375,0,True,True,text-embedding-v4,0.05,128,59,0,59,
sylvine,/home/crc00006699/zh/tabiclv2/data178/sylvine,binclass,4099,820,1025,20,2,0.977560975609756,0.9775608474625496,86.70367693901062,1.583442449569702,ok,,0.0014772173489279,1_minus_roc_auc,,4099,3279,0,1025,0.0727214405778795,8,5e-06,True,86.61186647415161,full_train_epoch_chunks,full train set chunked per epoch | validation=dataset_val_split,30,1,epoch_chunk,0.9792682926829268,0.9792682926829268,0,True,True,text-embedding-v4,0.05,128,20,0,20,
texture,/home/crc00006699/zh/tabiclv2/data178/texture,multiclass,4400,880,1100,40,11,1.0,1.0,3.66894268989563,5.63668155670166,ok,,4.204935869790416e-05,log_loss,,4400,3520,0,1100,,0,5e-06,False,3.1712114810943604,full_train_epoch_chunks,full train set chunked per epoch | validation=dataset_val_split | TTT training skipped because n_classes=11 exceeds model max_classes=10,0,0,epoch_chunk,,,0,False,True,text-embedding-v4,0.05,128,40,0,40,
thyroid-dis,/home/crc00006699/zh/tabiclv2/data178/thyroid-dis,multiclass,2240,448,560,26,5,0.6982142857142857,0.6783923802078972,48.67475080490112,0.9789028167724608,ok,,0.6946299178235851,log_loss,,2240,1792,0,560,0.680886797606945,8,5e-06,True,48.57987356185913,full_train_epoch_chunks,full train set chunked per epoch | validation=dataset_val_split,30,1,epoch_chunk,0.7410714285714286,0.7410714285714286,0,True,True,text-embedding-v4,0.05,128,26,0,26,
vehicle,/home/crc00006699/zh/tabiclv2/data178/vehicle,multiclass,676,136,170,18,4,0.8764705882352941,0.874646619160595,36.77805352210999,0.6489717960357666,ok,,0.2582689603842648,log_loss,,676,540,0,170,0.209900458343327,17,5e-06,True,36.73799252510071,full_train_epoch_chunks,full train set chunked per epoch | validation=dataset_val_split,30,1,epoch_chunk,0.9044117647058824,0.9191176470588236,9,True,True,text-embedding-v4,0.05,128,18,0,18,
wall-robot-navigation,/home/crc00006699/zh/tabiclv2/data178/wall-robot-navigation,multiclass,4364,873,1092,24,4,0.9954212454212454,0.995429875703296,328.96063899993896,1.8290865421295168,ok,,0.011447465332422,log_loss,,4364,3491,0,1092,0.0238741033244878,26,5e-06,True,328.8512303829193,full_train_epoch_chunks,full train set chunked per epoch | validation=dataset_val_split,30,1,epoch_chunk,0.983963344788087,0.9896907216494846,18,True,True,text-embedding-v4,0.05,128,24,0,24,
waveform_database_generator,/home/crc00006699/zh/tabiclv2/data178/waveform_database_generator,multiclass,3999,800,1000,21,3,0.349,0.2058302109720569,199.03035187721247,1.799206256866455,ok,,1.0983920184559628,log_loss,,3999,3199,0,1000,1.098246969282627,19,5e-06,True,198.94372296333316,full_train_epoch_chunks,full train set chunked per epoch | validation=dataset_val_split,30,1,epoch_chunk,0.3325,0.34125,11,True,True,text-embedding-v4,0.05,128,21,0,21,
wine,/home/crc00006699/zh/tabiclv2/data178/wine,binclass,2043,409,511,4,2,0.7827788649706457,0.7816652748547636,16.946622848510742,0.2674322128295898,ok,,0.1178232230392156,1_minus_roc_auc,,2043,1634,0,511,0.45354138687253,9,5e-06,True,16.91786289215088,full_train_epoch_chunks,full train set chunked per epoch | validation=dataset_val_split,30,1,epoch_chunk,0.8288508557457213,0.8312958435207825,1,True,True,text-embedding-v4,0.05,128,4,0,4,
yeast,/home/crc00006699/zh/tabiclv2/data178/yeast,multiclass,1187,238,297,8,10,0.6296296296296297,0.6229150251146531,62.47437620162964,0.3543648719787597,ok,,0.970828616552367,log_loss,,1187,949,0,297,0.9689865410327912,27,5e-06,True,62.44210505485535,full_train_epoch_chunks,full train set chunked per epoch | validation=dataset_val_split,30,1,epoch_chunk,0.5546218487394958,0.5714285714285714,19,True,True,text-embedding-v4,0.05,128,8,0,8,
Amazon_employee_access,/home/crc00006699/zh/tabiclv2/data178/Amazon_employee_access,binclass,26215,5243,6554,7,2,0.9450717119316449,0.9306338312864272,1593.7630178928375,12.924886465072632,ok,,0.1628756689775993,1_minus_roc_auc,,26215,20972,0,6554,0.1358213969506323,24,5e-06,True,1593.5290455818176,full_train_epoch_chunks,full train set chunked per epoch | validation=dataset_val_split,30,2,epoch_chunk,0.9485027655922182,0.9498378790768645,4,True,True,text-embedding-v4,0.05,128,7,7,0,
BNG(cmc),/home/crc00006699/zh/tabiclv2/data178/BNG(cmc),multiclass,44236,8848,11060,9,3,0.5874321880650994,0.5861297714805188,1997.428602695465,36.807225465774536,ok,,0.8750129249454336,log_loss,,44236,35388,0,11060,0.8834593147039413,16,5e-06,True,1997.016211271286,full_train_epoch_chunks,full train set chunked per epoch | validation=dataset_val_split,30,2,epoch_chunk,0.577870705244123,0.577870705244123,0,True,True,text-embedding-v4,0.05,128,9,9,0,
Basketball_c,/home/crc00006699/zh/tabiclv2/data178/Basketball_c,binclass,1072,215,268,11,2,0.7164179104477612,0.7146382129160544,45.02142405509949,0.3725559711456299,ok,,0.2564375147649421,1_minus_roc_auc,,1072,857,0,268,0.6135327145457268,19,5e-06,True,44.98625278472901,full_train_epoch_chunks,full train set chunked per epoch | validation=dataset_val_split,30,1,epoch_chunk,0.7534883720930232,0.7627906976744186,11,True,True,text-embedding-v4,0.05,128,11,0,11,
Click_prediction_small,/home/crc00006699/zh/tabiclv2/data178/Click_prediction_small,binclass,31958,6392,7990,3,2,0.7178973717146433,0.7328824852598665,496.3999881744385,7.320368528366089,ok,,0.3924659033880125,1_minus_roc_auc,,31958,25566,0,7990,0.4461470022797584,16,5e-06,True,496.3098950386048,full_train_epoch_chunks,full train set chunked per epoch | validation=dataset_val_split,30,2,epoch_chunk,0.8322903629536921,0.8322903629536921,0,True,True,text-embedding-v4,0.05,128,3,0,3,
Diabetic_Retinopathy_Debrecen,/home/crc00006699/zh/tabiclv2/data178/Diabetic_Retinopathy_Debrecen,binclass,920,184,231,19,2,0.7359307359307359,0.7356618719252352,21.30736303329468,0.8806173801422119,ok,,0.1616982836495032,1_minus_roc_auc,,920,736,0,231,0.41262236982584,8,5e-06,True,21.259312629699707,full_train_epoch_chunks,full train set chunked per epoch | validation=dataset_val_split,30,1,epoch_chunk,0.75,0.75,0,True,True,text-embedding-v4,0.05,128,19,0,19,
FICO-HELOC-cleaned,/home/crc00006699/zh/tabiclv2/data178/FICO-HELOC-cleaned,binclass,7896,1580,1975,23,2,0.7549367088607595,0.7546515714704397,225.5804760456085,3.518117904663086,ok,,0.1736360778867527,1_minus_roc_auc,,7896,6316,0,1975,0.5204610824584961,8,5e-06,True,225.4105598926544,full_train_epoch_chunks,full train set chunked per epoch | validation=dataset_val_split,30,1,epoch_chunk,0.7493670886075949,0.7493670886075949,0,True,True,text-embedding-v4,0.05,128,23,0,23,
FOREX_audchf-day-High,/home/crc00006699/zh/tabiclv2/data178/FOREX_audchf-day-High,binclass,1466,294,367,10,2,0.7520435967302452,0.752054642788972,42.171436071395874,0.4719483852386474,ok,,0.1598942553317887,1_minus_roc_auc,,1466,1172,0,367,0.5005574468523264,15,5e-06,True,42.13261961936951,full_train_epoch_chunks,full train set chunked per epoch | validation=dataset_val_split,30,1,epoch_chunk,0.7142857142857143,0.7210884353741497,7,True,True,text-embedding-v4,0.05,128,10,0,10,
FOREX_audsgd-hour-High,/home/crc00006699/zh/tabiclv2/data178/FOREX_audsgd-hour-High,binclass,35060,7012,8765,10,2,0.7099828864803195,0.7100173131558071,1690.242951631546,25.02115797996521,ok,,0.2131399633633663,1_minus_roc_auc,,35060,28048,0,8765,0.5530990548431873,18,5e-06,True,1689.9131886959076,full_train_epoch_chunks,full train set chunked per epoch | validation=dataset_val_split,30,2,epoch_chunk,0.713063320022818,0.716343411294923,1,True,True,text-embedding-v4,0.05,128,10,0,10,
FOREX_cadjpy-hour-High,/home/crc00006699/zh/tabiclv2/data178/FOREX_cadjpy-hour-High,binclass,35060,7012,8765,10,2,0.7167142042213348,0.7167198898472047,4116.569452762604,25.00238585472107,ok,,0.2090479555270423,1_minus_roc_auc,,35060,28048,0,8765,0.5491596907377243,44,5e-06,True,4116.28737616539,full_train_epoch_chunks,full train set chunked per epoch | validation=dataset_val_split,30,2,epoch_chunk,0.7132059326868226,0.7177695379349687,14,True,True,text-embedding-v4,0.05,128,10,0,10,
GAMETES_Epistasis_2-Way_20atts_0.1H_EDM-1_1,/home/crc00006699/zh/tabiclv2/data178/GAMETES_Epistasis_2-Way_20atts_0.1H_EDM-1_1,binclass,1280,256,320,20,2,0.675,0.6693032314479908,38.15614008903504,0.5484127998352051,ok,,0.262109375,1_minus_roc_auc,,1280,1024,0,320,0.6108735427260399,12,5e-06,True,38.09119486808777,full_train_epoch_chunks,full train set chunked per epoch | validation=dataset_val_split,30,1,epoch_chunk,0.6484375,0.65625,4,True,True,text-embedding-v4,0.05,128,20,0,20,
GesturePhaseSegmentationProcessed,/home/crc00006699/zh/tabiclv2/data178/GesturePhaseSegmentationProcessed,multiclass,7898,1580,1975,32,5,0.8425316455696202,0.8416099425352475,769.1924662590027,4.035930156707764,ok,,0.4330282047658695,log_loss,,7898,6318,0,1975,0.6160174440592527,24,5e-06,True,768.9771478176117,full_train_epoch_chunks,full train set chunked per epoch | validation=dataset_val_split,30,1,epoch_chunk,0.790506329113924,0.8094936708860759,16,True,True,text-embedding-v4,0.05,128,32,0,32,
INNHotelsGroup,/home/crc00006699/zh/tabiclv2/data178/INNHotelsGroup,binclass,29020,5804,7255,17,2,0.9046175051688492,,0.7578516006469727,19.41738796234131,ok,"baseline_fallback_from_iclv2_ensmble32; original_status: fail; original_error: OutOfMemoryError: CUDA out of memory. Tried to allocate 40.00 MiB. GPU 0 has a total capacity of 23.57 GiB of which 14.00 MiB is free. Process 49895 has 23.55 GiB memory in use. Of the allocated memory 22.84 GiB is allocated by PyTorch, and 407.68 MiB is reserved by PyTorch but unallocated. If reserved but unallocated memory is large try setting PYTORCH_CUDA_ALLOC_CONF=expandable_segments:True to avoid fragmentation.  See documentation for Memory Management  (https://pytorch.org/docs/stable/notes/cuda.html#environment-variables)",,,,0,0,0,0,,0,,False,0.0,,,0,0,,,,0,False,True,text-embedding-v4,0.05,128,17,0,17,
KDDCup09_upselling,/home/crc00006699/zh/tabiclv2/data178/KDDCup09_upselling,binclass,4102,821,1026,49,2,0.8109161793372319,0.8091752055466928,139.77297592163086,2.5342917442321777,ok,,0.088665458317659,1_minus_roc_auc,,4102,3281,0,1026,0.3863585023209452,8,5e-06,True,139.55936288833618,full_train_epoch_chunks,full train set chunked per epoch | validation=dataset_val_split,30,1,epoch_chunk,0.8124238733252132,0.8124238733252132,0,True,True,text-embedding-v4,0.05,128,49,0,49,
Marketing_Campaign,/home/crc00006699/zh/tabiclv2/data178/Marketing_Campaign,binclass,1792,359,448,27,2,0.8839285714285714,0.8741572521865889,38.47409152984619,0.809105634689331,ok,,0.0739609041407137,1_minus_roc_auc,,1792,1433,0,448,0.214260165579617,8,5e-06,True,38.39949560165405,full_train_epoch_chunks,full train set chunked per epoch | validation=dataset_val_split,30,1,epoch_chunk,0.9108635097493036,0.9108635097493036,0,True,True,text-embedding-v4,0.05,128,27,0,27,
PhishingWebsites,/home/crc00006699/zh/tabiclv2/data178/PhishingWebsites,binclass,8844,1769,2211,30,2,0.9805517865219358,0.9805310686674488,297.08678579330444,4.712117910385132,ok,,0.0012757174356339,1_minus_roc_auc,,8844,7075,0,2211,0.0678280345164239,8,5e-06,True,296.8112328052521,full_train_epoch_chunks,full train set chunked per epoch | validation=dataset_val_split,30,1,epoch_chunk,0.9785189372526852,0.9785189372526852,0,True,True,text-embedding-v4,0.05,128,30,0,30,
PizzaCutter3,/home/crc00006699/zh/tabiclv2/data178/PizzaCutter3,binclass,834,167,209,37,2,0.8899521531100478,0.8463166234064067,36.87966966629028,1.143563747406006,ok,,0.1100000000000001,1_minus_roc_auc,,834,667,0,209,0.3058108175173402,10,5e-06,True,36.80860114097595,full_train_epoch_chunks,full train set chunked per epoch | validation=dataset_val_split,30,1,epoch_chunk,0.8922155688622755,0.8982035928143712,2,True,True,text-embedding-v4,0.05,128,37,0,37,
Rain_in_Australia,/home/crc00006699/zh/tabiclv2/data178/Rain_in_Australia,multiclass,116368,23274,29092,18,3,0.8577272102296164,,2.1012508869171143,241.0453817844391,ok,"baseline_fallback_from_iclv2_ensmble32; original_status: fail; original_error: OutOfMemoryError: CUDA out of memory. Tried to allocate 40.00 MiB. GPU 0 has a total capacity of 23.57 GiB of which 28.00 MiB is free. Process 49895 has 23.54 GiB memory in use. Of the allocated memory 22.75 GiB is allocated by PyTorch, and 477.41 MiB is reserved by PyTorch but unallocated. If reserved but unallocated memory is large try setting PYTORCH_CUDA_ALLOC_CONF=expandable_segments:True to avoid fragmentation.  See documentation for Memory Management  (https://pytorch.org/docs/stable/notes/cuda.html#environment-variables)",,,,0,0,0,0,,0,,False,0.0,,,0,0,,,,0,False,True,text-embedding-v4,0.05,128,18,0,18,
Telecom_Churn_Dataset,/home/crc00006699/zh/tabiclv2/data178/Telecom_Churn_Dataset,binclass,2666,534,667,17,2,0.9610194902548724,0.9601297177498206,50.316840410232544,1.0154850482940674,ok,,0.0688732139627418,1_minus_roc_auc,,2666,2132,0,667,0.0993376071564853,8,5e-06,True,50.25374102592468,full_train_epoch_chunks,full train set chunked per epoch | validation=dataset_val_split,30,1,epoch_chunk,0.9625468164794008,0.9625468164794008,0,True,True,text-embedding-v4,0.05,128,17,0,17,
Wilt,/home/crc00006699/zh/tabiclv2/data178/Wilt,binclass,3856,772,965,5,2,0.9927461139896372,0.9926443320683423,43.18403720855713,0.6627857685089111,ok,,0.0080040441486224,1_minus_roc_auc,,3856,3084,0,965,0.0344707114854827,9,5e-06,True,43.14702343940735,full_train_epoch_chunks,full train set chunked per epoch | validation=dataset_val_split,30,1,epoch_chunk,0.9870466321243524,0.9883419689119172,1,True,True,text-embedding-v4,0.05,128,5,0,5,
ada,/home/crc00006699/zh/tabiclv2/data178/ada,binclass,3317,664,830,48,2,0.863855421686747,0.8602470090014295,167.18970656394958,1.964864015579224,ok,,0.0794708426686582,1_minus_roc_auc,,3317,2653,0,830,0.3144677588716149,13,5e-06,True,167.05262398719788,full_train_epoch_chunks,full train set chunked per epoch | validation=dataset_val_split,30,1,epoch_chunk,0.8689759036144579,0.8825301204819277,5,True,True,text-embedding-v4,0.05,128,48,0,48,
airlines_seed_0_nrows_2000_nclasses_10_ncols_100_stratify_True,/home/crc00006699/zh/tabiclv2/data178/airlines_seed_0_nrows_2000_nclasses_10_ncols_100_stratify_True,binclass,1600,320,400,7,2,0.6075,0.5956822881910262,35.413633823394775,0.4140026569366455,ok,,0.3260704524749468,1_minus_roc_auc,,1600,1280,0,400,0.6375843025743961,14,5e-06,True,35.375255823135376,full_train_epoch_chunks,full train set chunked per epoch | validation=dataset_val_split,30,1,epoch_chunk,0.659375,0.6625,6,True,True,text-embedding-v4,0.05,128,7,0,7,
analcatdata_authorship,/home/crc00006699/zh/tabiclv2/data178/analcatdata_authorship,multiclass,672,135,169,69,4,0.9940828402366864,0.9940804879569156,35.02200698852539,0.7061266899108887,ok,,0.0104686361225586,log_loss,,672,537,0,169,0.0006805842140238,8,5e-06,True,34.91126251220703,full_train_epoch_chunks,full train set chunked per epoch | validation=dataset_val_split,30,1,epoch_chunk,1.0,1.0,0,True,True,text-embedding-v4,0.05,128,69,0,69,
autoUniv-au7-1100,/home/crc00006699/zh/tabiclv2/data178/autoUniv-au7-1100,multiclass,880,176,220,12,5,0.4045454545454545,0.3829796558455095,18.293802738189697,0.7124416828155518,ok,,1.3400522284758558,log_loss,,880,704,0,220,1.300619311630726,8,5e-06,True,18.25306344032288,full_train_epoch_chunks,full train set chunked per epoch | validation=dataset_val_split,30,1,epoch_chunk,0.5227272727272727,0.5227272727272727,0,True,True,text-embedding-v4,0.05,128,12,0,12,
baseball,/home/crc00006699/zh/tabiclv2/data178/baseball,multiclass,1072,215,268,16,3,0.9440298507462688,0.9342657264063036,29.56234049797058,0.4209332466125488,ok,,0.1326162524342355,log_loss,,1072,857,0,268,0.1435839757323265,11,5e-06,True,29.51431012153625,full_train_epoch_chunks,full train set chunked per epoch | validation=dataset_val_split,30,1,epoch_chunk,0.9534883720930232,0.958139534883721,3,True,True,text-embedding-v4,0.05,128,16,0,16,
cmc,/home/crc00006699/zh/tabiclv2/data178/cmc,multiclass,1178,236,295,9,3,0.5966101694915255,0.5933310521281714,31.729153394699097,0.367307186126709,ok,,0.8677297858096539,log_loss,,1178,942,0,295,0.8889938369393349,13,5e-06,True,31.689460515975952,full_train_epoch_chunks,full train set chunked per epoch | validation=dataset_val_split,30,1,epoch_chunk,0.5466101694915254,0.5508474576271186,5,True,True,text-embedding-v4,0.05,128,9,0,9,
contraceptive_method_choice,/home/crc00006699/zh/tabiclv2/data178/contraceptive_method_choice,multiclass,1178,236,295,9,3,0.6237288135593221,0.6220515399978166,36.17146968841553,0.3716893196105957,ok,,0.8202331869445323,log_loss,,1178,942,0,295,0.8597720917314291,15,5e-06,True,36.134830713272095,full_train_epoch_chunks,full train set chunked per epoch | validation=dataset_val_split,30,1,epoch_chunk,0.538135593220339,0.5423728813559322,7,True,True,text-embedding-v4,0.05,128,9,0,9,
dabetes_130-us_hospitals,/home/crc00006699/zh/tabiclv2/data178/dabetes_130-us_hospitals,binclass,81412,16283,20354,20,2,0.6438537879532279,,1.93100380897522,118.20718288421632,ok,"baseline_fallback_from_iclv2_ensmble32; original_status: fail; original_error: OutOfMemoryError: CUDA out of memory. Tried to allocate 40.00 MiB. GPU 0 has a total capacity of 23.57 GiB of which 10.00 MiB is free. Process 49895 has 23.55 GiB memory in use. Of the allocated memory 22.87 GiB is allocated by PyTorch, and 374.19 MiB is reserved by PyTorch but unallocated. If reserved but unallocated memory is large try setting PYTORCH_CUDA_ALLOC_CONF=expandable_segments:True to avoid fragmentation.  See documentation for Memory Management  (https://pytorch.org/docs/stable/notes/cuda.html#environment-variables)",,,,0,0,0,0,,0,,False,0.0,,,0,0,,,,0,False,True,text-embedding-v4,0.05,128,20,0,20,
dis,/home/crc00006699/zh/tabiclv2/data178/dis,binclass,3017,604,755,29,2,0.990728476821192,0.9900755651821972,172.56154346466064,1.3784687519073486,ok,,0.0070659488559892,1_minus_roc_auc,,3017,2413,0,755,0.0258765997714363,20,5e-06,True,172.45092797279358,full_train_epoch_chunks,full train set chunked per epoch | validation=dataset_val_split,30,1,epoch_chunk,0.9850993377483444,0.9950331125827816,12,True,True,text-embedding-v4,0.05,128,29,0,29,
dry_bean_dataset,/home/crc00006699/zh/tabiclv2/data178/dry_bean_dataset,multiclass,10888,2178,2723,16,7,0.9272860815277268,0.9272484914566936,1101.4691915512085,4.6634063720703125,ok,,0.1864044653952195,log_loss,,10888,8710,0,2723,0.1578129418194294,27,5e-06,True,1101.3078906536102,full_train_epoch_chunks,full train set chunked per epoch | validation=dataset_val_split,30,1,epoch_chunk,0.9325068870523416,0.935720844811754,19,True,True,text-embedding-v4,0.05,128,16,0,16,
estimation_of_obesity_levels,/home/crc00006699/zh/tabiclv2/data178/estimation_of_obesity_levels,multiclass,1688,338,423,16,7,0.9905437352245864,0.9905622153790828,63.37656736373901,0.6373608112335205,ok,,0.0222466405230634,log_loss,,1688,1350,0,423,0.0179579532996285,17,5e-06,True,63.32380032539368,full_train_epoch_chunks,full train set chunked per epoch | validation=dataset_val_split,30,1,epoch_chunk,0.9822485207100592,0.9911242603550297,9,True,True,text-embedding-v4,0.05,128,16,0,16,
first-order-theorem-proving,/home/crc00006699/zh/tabiclv2/data178/first-order-theorem-proving,multiclass,4894,979,1224,51,6,0.6470588235294118,0.6310707579839903,533.8986828327179,3.3809642791748047,ok,,1.0104304411430398,log_loss,,4894,3915,0,1224,1.045557651668787,25,5e-06,True,533.6810524463654,full_train_epoch_chunks,full train set chunked per epoch | validation=dataset_val_split,30,1,epoch_chunk,0.6312563840653729,0.6373850868232891,17,True,True,text-embedding-v4,0.05,128,51,0,51,
golf_play_dataset_extended,/home/crc00006699/zh/tabiclv2/data178/golf_play_dataset_extended,binclass,876,176,219,9,2,0.9452054794520548,0.9452054794520548,16.966397047042847,0.6714606285095215,ok,,0.0194772555918572,1_minus_roc_auc,,876,700,0,219,0.0972085956018418,8,5e-06,True,16.929665088653564,full_train_epoch_chunks,full train set chunked per epoch | validation=dataset_val_split,30,1,epoch_chunk,0.9204545454545454,0.9204545454545454,0,True,True,text-embedding-v4,0.05,128,9,0,9,
house_16H,/home/crc00006699/zh/tabiclv2/data178/house_16H,binclass,10790,2158,2698,16,2,0.8921423276501111,0.8921416016007352,806.5263605117798,4.577664613723755,ok,,0.0415479494735964,1_minus_roc_auc,,10790,8632,0,2698,0.2492671757936477,20,5e-06,True,806.3660173416138,full_train_epoch_chunks,full train set chunked per epoch | validation=dataset_val_split,30,1,epoch_chunk,0.881371640407785,0.8878591288229842,12,True,True,text-embedding-v4,0.05,128,16,0,16,
in_vehicle_coupon_recommendation,/home/crc00006699/zh/tabiclv2/data178/in_vehicle_coupon_recommendation,binclass,10147,2030,2537,21,2,0.7891210090658258,0.7878109561167776,544.1132996082306,4.565936326980591,ok,,0.1375426696812519,1_minus_roc_auc,,10147,8117,0,2537,0.495871408842504,14,5e-06,True,543.8633403778076,full_train_epoch_chunks,full train set chunked per epoch | validation=dataset_val_split,30,1,epoch_chunk,0.7635467980295566,0.7684729064039408,6,True,True,text-embedding-v4,0.05,128,21,0,21,
jm1,/home/crc00006699/zh/tabiclv2/data178/jm1,binclass,8708,1742,2177,21,2,0.8194763435920992,0.7822530903319215,503.64178442955017,3.8377106189727774,ok,,0.2365916112520898,1_minus_roc_auc,,8708,6966,0,2177,0.4116371488198638,16,5e-06,True,503.4802873134613,full_train_epoch_chunks,full train set chunked per epoch | validation=dataset_val_split,30,1,epoch_chunk,0.8208955223880597,0.8277841561423651,8,True,True,text-embedding-v4,0.05,128,21,0,21,
kdd_ipums_la_97-small,/home/crc00006699/zh/tabiclv2/data178/kdd_ipums_la_97-small,binclass,4150,830,1038,20,2,0.8901734104046243,0.8896424374685244,238.89772057533264,1.6250977516174316,ok,,0.0493148599834422,1_minus_roc_auc,,4150,3320,0,1038,0.2561682881787419,21,5e-06,True,238.8143858909607,full_train_epoch_chunks,full train set chunked per epoch | validation=dataset_val_split,30,1,epoch_chunk,0.8783132530120482,0.8879518072289156,13,True,True,text-embedding-v4,0.05,128,20,0,20,
led24,/home/crc00006699/zh/tabiclv2/data178/led24,multiclass,2560,512,640,24,10,0.734375,0.7296541481608365,61.681641817092896,1.098689317703247,ok,,0.7798371425248616,log_loss,,2560,2048,0,640,0.8631807006895542,9,5e-06,True,61.58498334884644,full_train_epoch_chunks,full train set chunked per epoch | validation=dataset_val_split,30,1,epoch_chunk,0.71484375,0.71875,1,True,True,text-embedding-v4,0.05,128,24,0,24,
madeline,/home/crc00006699/zh/tabiclv2/data178/madeline,binclass,2512,503,628,259,2,0.9235668789808916,,0.9112393856048584,7.026473522186279,ok,"baseline_fallback_from_iclv2_ensmble32; original_status: fail; original_error: OutOfMemoryError: CUDA out of memory. Tried to allocate 258.00 MiB. GPU 0 has a total capacity of 23.57 GiB of which 222.00 MiB is free. Process 49895 has 23.35 GiB memory in use. Of the allocated memory 21.81 GiB is allocated by PyTorch, and 1.22 GiB is reserved by PyTorch but unallocated. If reserved but unallocated memory is large try setting PYTORCH_CUDA_ALLOC_CONF=expandable_segments:True to avoid fragmentation.  See documentation for Memory Management  (https://pytorch.org/docs/stable/notes/cuda.html#environment-variables)",,,,0,0,0,0,,0,,False,0.0,,,0,0,,,,0,False,True,text-embedding-v4,0.05,128,259,0,259,
mfeat-factors,/home/crc00006699/zh/tabiclv2/data178/mfeat-factors,multiclass,1600,320,400,216,10,0.9825,0.9824984372558212,178.66823959350586,4.188944816589356,ok,,0.0771222301473708,log_loss,,1600,1280,0,400,0.0405640162061899,8,5e-06,True,178.28867840766907,full_train_epoch_chunks,full train set chunked per epoch | validation=dataset_val_split,30,1,epoch_chunk,0.984375,0.984375,0,True,True,text-embedding-v4,0.05,128,216,0,216,
mfeat-morphological,/home/crc00006699/zh/tabiclv2/data178/mfeat-morphological,multiclass,1600,320,400,6,10,0.77,0.7619729916146867,21.995099306106567,0.4429707527160644,ok,,0.4927111012007992,log_loss,,1600,1280,0,400,0.7256628312170506,8,5e-06,True,21.96900177001953,full_train_epoch_chunks,full train set chunked per epoch | validation=dataset_val_split,30,1,epoch_chunk,0.753125,0.753125,0,True,True,text-embedding-v4,0.05,128,6,0,6,
mice_protein_expression,/home/crc00006699/zh/tabiclv2/data178/mice_protein_expression,multiclass,864,173,216,75,8,1.0,1.0,44.63539481163025,0.8854575157165527,ok,,1.6029888399730003e-06,log_loss,,864,691,0,216,0.000257505829893,8,5e-06,True,44.51635551452637,full_train_epoch_chunks,full train set chunked per epoch | validation=dataset_val_split,30,1,epoch_chunk,1.0,1.0,0,True,True,text-embedding-v4,0.05,128,75,0,75,
mozilla4,/home/crc00006699/zh/tabiclv2/data178/mozilla4,binclass,12436,2488,3109,4,2,0.9469282727565134,0.9464171854175372,238.68637657165527,2.21565055847168,ok,,0.021748415547931,1_minus_roc_auc,,12436,9948,0,3109,0.1504860436543822,11,5e-06,True,238.62297439575195,full_train_epoch_chunks,full train set chunked per epoch | validation=dataset_val_split,30,1,epoch_chunk,0.9405144694533762,0.9433279742765274,3,True,True,text-embedding-v4,0.05,128,4,0,4,
okcupid_stem,/home/crc00006699/zh/tabiclv2/data178/okcupid_stem,multiclass,21341,4269,5336,13,3,0.7505622188905547,0.6983483276920895,1563.1828780174255,11.613739967346191,ok,,0.5882741812993353,log_loss,,21341,17072,0,5336,0.5866347011178732,13,5e-06,True,1562.886973142624,full_train_epoch_chunks,full train set chunked per epoch | validation=dataset_val_split,30,1,epoch_chunk,0.7516982899976575,0.7535722651674865,5,True,True,text-embedding-v4,0.05,128,13,0,13,
one-hundred-plants-texture,/home/crc00006699/zh/tabiclv2/data178/one-hundred-plants-texture,multiclass,1279,256,320,64,100,0.928125,0.9280704365079364,3.7882368564605713,5.698037385940552,ok,,0.2260116809027529,log_loss,,1279,1023,0,320,,0,5e-06,False,3.3257036209106445,full_train_epoch_chunks,full train set chunked per epoch | validation=dataset_val_split | TTT training skipped because n_classes=100 exceeds model max_classes=10,0,0,epoch_chunk,,,0,False,True,text-embedding-v4,0.05,128,64,0,64,
ozone-level-8hr,/home/crc00006699/zh/tabiclv2/data178/ozone-level-8hr,binclass,2027,406,507,72,2,0.9566074950690336,0.9497347691327624,147.87274169921875,1.6597027778625488,ok,,0.052828947368421,1_minus_roc_auc,,2027,1621,0,507,0.1553097497671842,14,5e-06,True,147.712566614151,full_train_epoch_chunks,full train set chunked per epoch | validation=dataset_val_split,30,1,epoch_chunk,0.9458128078817734,0.9507389162561576,6,True,True,text-embedding-v4,0.05,128,72,0,72,
pc3,/home/crc00006699/zh/tabiclv2/data178/pc3,binclass,1250,250,313,37,2,0.9009584664536742,0.8713234468060816,35.590691804885864,0.7459256649017334,ok,,0.1610876334519573,1_minus_roc_auc,,1250,1000,0,313,0.2262185043655336,8,5e-06,True,35.51392698287964,full_train_epoch_chunks,full train set chunked per epoch | validation=dataset_val_split,30,1,epoch_chunk,0.892,0.892,0,True,True,text-embedding-v4,0.05,128,37,0,37,
phoneme,/home/crc00006699/zh/tabiclv2/data178/phoneme,binclass,4323,865,1081,5,2,0.902867715078631,0.9026400590036194,51.92117214202881,0.795119047164917,ok,,0.0340314136125654,1_minus_roc_auc,,4323,3458,0,1081,0.1713524684309959,9,5e-06,True,51.8837525844574,full_train_epoch_chunks,full train set chunked per epoch | validation=dataset_val_split,30,1,epoch_chunk,0.9294797687861271,0.930635838150289,1,True,True,text-embedding-v4,0.05,128,5,0,5,
qsar,/home/crc00006699/zh/tabiclv2/data178/qsar,binclass,844,169,211,40,2,0.90521327014218,0.9045070616017004,28.65542483329773,1.2202303409576416,ok,,0.045271629778672,1_minus_roc_auc,,844,675,0,211,0.2497463785111904,8,5e-06,True,28.572636365890503,full_train_epoch_chunks,full train set chunked per epoch | validation=dataset_val_split,30,1,epoch_chunk,0.8875739644970414,0.8875739644970414,0,True,True,text-embedding-v4,0.05,128,40,0,40,
rl,/home/crc00006699/zh/tabiclv2/data178/rl,binclass,3976,796,994,12,2,0.909456740442656,0.9094534412955466,122.78330278396606,1.24638032913208,ok,,0.0417373456027918,1_minus_roc_auc,,3976,3180,0,994,0.3069809153676033,14,5e-06,True,122.71426916122437,full_train_epoch_chunks,full train set chunked per epoch | validation=dataset_val_split,30,1,epoch_chunk,0.8793969849246231,0.8907035175879398,6,True,True,text-embedding-v4,0.05,128,12,0,12,
seismic+bumps,/home/crc00006699/zh/tabiclv2/data178/seismic+bumps,binclass,2067,414,517,18,2,0.9342359767891684,0.9024719535783364,37.14579892158508,0.731269359588623,ok,,0.2786201437096578,1_minus_roc_auc,,2067,1653,0,517,0.1886476501822471,8,5e-06,True,37.0893623828888,full_train_epoch_chunks,full train set chunked per epoch | validation=dataset_val_split,30,1,epoch_chunk,0.9347826086956522,0.9347826086956522,0,True,True,text-embedding-v4,0.05,128,18,0,18,
spambase,/home/crc00006699/zh/tabiclv2/data178/spambase,binclass,3680,736,921,57,2,0.9598262757871878,0.9598547952857028,224.6790337562561,2.516935348510742,ok,,0.0080003357129455,1_minus_roc_auc,,3680,2944,0,921,0.103208830114454,14,5e-06,True,224.50903034210205,full_train_epoch_chunks,full train set chunked per epoch | validation=dataset_val_split,30,1,epoch_chunk,0.9633152173913044,0.9660326086956522,6,True,True,text-embedding-v4,0.05,128,57,0,57,
statlog,/home/crc00006699/zh/tabiclv2/data178/statlog,binclass,800,160,200,20,2,0.73,0.7165280665280664,20.30506658554077,0.7803254127502441,ok,,0.2402380952380951,1_minus_roc_auc,,800,640,0,200,0.4538480006158352,8,5e-06,True,20.25155544281006,full_train_epoch_chunks,full train set chunked per epoch | validation=dataset_val_split,30,1,epoch_chunk,0.76875,0.76875,0,True,True,text-embedding-v4,0.05,128,20,0,20,
taiwanese_bankruptcy_prediction,/home/crc00006699/zh/tabiclv2/data178/taiwanese_bankruptcy_prediction,binclass,5455,1091,1364,95,2,0.9706744868035192,0.964668586501464,547.5931053161621,6.31720232963562,ok,,0.071642561983471,1_minus_roc_auc,,5455,4364,0,1364,0.0596271113026887,14,5e-06,True,547.173778295517,full_train_epoch_chunks,full train set chunked per epoch | validation=dataset_val_split,30,1,epoch_chunk,0.9670027497708524,0.9706691109074244,6,True,True,text-embedding-v4,0.05,128,95,0,95,
thyroid,/home/crc00006699/zh/tabiclv2/data178/thyroid,multiclass,5760,1152,1440,21,3,0.9958333333333332,0.995835174762004,208.2632074356079,2.3561623096466064,ok,,0.0112131869163905,log_loss,,5760,4608,0,1440,0.0087135891808429,12,5e-06,True,208.16803574562076,full_train_epoch_chunks,full train set chunked per epoch | validation=dataset_val_split,30,1,epoch_chunk,0.9939236111111112,0.9947916666666666,4,True,True,text-embedding-v4,0.05,128,21,0,21,
turiye_student_evaluation,/home/crc00006699/zh/tabiclv2/data178/turiye_student_evaluation,multiclass,4656,932,1164,32,5,0.5214776632302406,0.4922498481595658,144.56574082374573,2.258987665176392,ok,,1.1802358985816015,log_loss,,4656,3724,0,1164,1.1911468915641308,9,5e-06,True,144.42678022384644,full_train_epoch_chunks,full train set chunked per epoch | validation=dataset_val_split,30,1,epoch_chunk,0.5118025751072961,0.5128755364806867,1,True,True,text-embedding-v4,0.05,128,32,0,32,
volkert,/home/crc00006699/zh/tabiclv2/data178/volkert,multiclass,46648,9330,11662,180,10,0.7511576058995026,0.7464615685560182,14.09060287475586,262.7177481651306,ok,,0.7122791187903755,log_loss,,46648,0,0,11662,,0,5e-06,False,0.0,,TTT skipped for dataset=volkert to avoid OOM,0,0,,,,0,False,True,text-embedding-v4,0.05,128,180,0,180,
water_quality,/home/crc00006699/zh/tabiclv2/data178/water_quality,binclass,6396,1280,1600,20,2,0.911875,0.9001129884094757,147.6762933731079,2.4265296459198,ok,,0.0891520327345434,1_minus_roc_auc,,6396,5116,0,1600,0.2400782136246562,8,5e-06,True,147.5878438949585,full_train_epoch_chunks,full train set chunked per epoch | validation=dataset_val_split,30,1,epoch_chunk,0.89609375,0.89609375,0,True,True,text-embedding-v4,0.05,128,20,0,20,
waveform_database_generator_version_1,/home/crc00006699/zh/tabiclv2/data178/waveform_database_generator_version_1,multiclass,4000,800,1000,21,3,0.871,0.8705334846679682,86.75233197212219,1.613201141357422,ok,,0.2924121078487587,log_loss,,4000,3200,0,1000,0.2614567717537284,8,5e-06,True,86.66605639457703,full_train_epoch_chunks,full train set chunked per epoch | validation=dataset_val_split,30,1,epoch_chunk,0.85875,0.85875,0,True,True,text-embedding-v4,0.05,128,21,0,21,
wine-quality-red,/home/crc00006699/zh/tabiclv2/data178/wine-quality-red,multiclass,1279,256,320,4,6,0.678125,0.6627194053055339,20.61314582824707,0.3574244976043701,ok,,0.8072434322885236,log_loss,,1279,1023,0,320,0.7833973504602909,9,5e-06,True,20.586652755737305,full_train_epoch_chunks,full train set chunked per epoch | validation=dataset_val_split,30,1,epoch_chunk,0.65625,0.66015625,1,True,True,text-embedding-v4,0.05,128,4,0,4,
BLE_RSSI_dataset_for_Indoor_localization,/home/crc00006699/zh/tabiclv2/data178/BLE_RSSI_dataset_for_Indoor_localization,multiclass,7987,1598,1997,3,3,0.7761642463695543,0.7759186984309706,341.96268701553345,1.3762848377227783,ok,,0.5113012125380729,log_loss,,7987,6389,0,1997,0.5467002149671316,30,5e-06,True,341.92565751075745,full_train_epoch_chunks,full train set chunked per epoch | validation=dataset_val_split,30,1,epoch_chunk,0.7515644555694618,0.7834793491864831,26,False,True,text-embedding-v4,0.05,128,3,3,0,
BNG(tic-tac-toe),/home/crc00006699/zh/tabiclv2/data178/BNG(tic-tac-toe),binclass,31492,6299,7874,9,2,0.8154686309372619,0.8132863270711688,1512.1110527515411,20.66194987297058,ok,,0.116697815350262,1_minus_roc_auc,,31492,25193,0,7874,0.4237852822989225,18,5e-06,True,1511.7875063419342,full_train_epoch_chunks,full train set chunked per epoch | validation=dataset_val_split,30,2,epoch_chunk,0.8085410382600413,0.8091760596920146,1,True,True,text-embedding-v4,0.05,128,9,9,0,
California-Housing-Classification,/home/crc00006699/zh/tabiclv2/data178/California-Housing-Classification,binclass,16512,3303,4128,8,2,0.9265988372093024,0.9265985658370988,2168.7672307491302,7.110814094543457,ok,,0.0189752810676758,1_minus_roc_auc,,16512,13209,0,4128,0.1923614991828799,30,5e-06,True,2168.6284823417664,full_train_epoch_chunks,full train set chunked per epoch | validation=dataset_val_split,30,1,epoch_chunk,0.916439600363306,0.9227974568574024,25,False,True,text-embedding-v4,0.05,128,8,0,8,
Credit_c,/home/crc00006699/zh/tabiclv2/data178/Credit_c,multiclass,80000,16000,20000,22,3,0.81865,,1.8212430477142332,114.2847864627838,ok,"baseline_fallback_from_iclv2_ensmble32; original_status: fail; original_error: OutOfMemoryError: CUDA out of memory. Tried to allocate 40.00 MiB. GPU 0 has a total capacity of 23.57 GiB of which 28.00 MiB is free. Process 49896 has 23.54 GiB memory in use. Of the allocated memory 22.99 GiB is allocated by PyTorch, and 231.33 MiB is reserved by PyTorch but unallocated. If reserved but unallocated memory is large try setting PYTORCH_CUDA_ALLOC_CONF=expandable_segments:True to avoid fragmentation.  See documentation for Memory Management  (https://pytorch.org/docs/stable/notes/cuda.html#environment-variables)",,,,0,0,0,0,,0,,False,0.0,,,0,0,,,,0,False,True,text-embedding-v4,0.05,128,22,0,22,
E-CommereShippingData,/home/crc00006699/zh/tabiclv2/data178/E-CommereShippingData,binclass,8799,1760,2200,10,2,0.6777272727272727,0.6654866223896462,497.8197784423828,3.144230365753174,ok,,0.2796971744698535,1_minus_roc_auc,,8799,7039,0,2200,0.4933501631021499,19,5e-06,True,497.7235450744629,full_train_epoch_chunks,full train set chunked per epoch | validation=dataset_val_split,30,1,epoch_chunk,0.6840909090909091,0.6863636363636364,11,True,True,text-embedding-v4,0.05,128,10,0,10,
FOREX_audcad-day-High,/home/crc00006699/zh/tabiclv2/data178/FOREX_audcad-day-High,binclass,1467,294,367,10,2,0.7465940054495913,0.7464998647714711,23.03016686439514,0.806281566619873,ok,,0.1679587714608209,1_minus_roc_auc,,1467,1173,0,367,0.513424513861537,8,5e-06,True,22.99265170097351,full_train_epoch_chunks,full train set chunked per epoch | validation=dataset_val_split,30,1,epoch_chunk,0.717687074829932,0.717687074829932,0,True,True,text-embedding-v4,0.05,128,10,0,10,
FOREX_audjpy-day-High,/home/crc00006699/zh/tabiclv2/data178/FOREX_audjpy-day-High,binclass,1465,293,367,10,2,0.7929155313351499,0.7924895078307409,44.60108733177185,0.4810335636138916,ok,,0.1441055823078295,1_minus_roc_auc,,1465,1172,0,367,0.5384691338986158,16,5e-06,True,44.56787490844727,full_train_epoch_chunks,full train set chunked per epoch | validation=dataset_val_split,30,1,epoch_chunk,0.7542662116040956,0.7610921501706485,8,True,True,text-embedding-v4,0.05,128,10,0,10,
FOREX_audusd-hour-High,/home/crc00006699/zh/tabiclv2/data178/FOREX_audusd-hour-High,binclass,35060,7012,8765,10,2,0.7099828864803195,0.7098164691157717,5018.963974237442,24.800647735595703,ok,,0.2105824316736859,1_minus_roc_auc,,35060,28048,0,8765,0.556232301518321,54,5e-06,True,5018.642107725143,full_train_epoch_chunks,full train set chunked per epoch | validation=dataset_val_split,30,2,epoch_chunk,0.7087849401026811,0.7176269252709641,19,True,True,text-embedding-v4,0.05,128,10,0,10,
Firm-Teacher_Clave-Direction_Classification,/home/crc00006699/zh/tabiclv2/data178/Firm-Teacher_Clave-Direction_Classification,multiclass,8640,1728,2160,16,4,0.8833333333333333,0.8822418316712048,458.7336778640747,3.428626775741577,ok,,0.3075349457279794,log_loss,,8640,6912,0,2160,0.3443872760981321,16,5e-06,True,458.56627202034,full_train_epoch_chunks,full train set chunked per epoch | validation=dataset_val_split,30,1,epoch_chunk,0.8663194444444444,0.8726851851851852,8,True,True,text-embedding-v4,0.05,128,16,0,16,
GAMETES_Heterogeneity_20atts_1600_Het_0.4_0.2_50_EDM-2_001,/home/crc00006699/zh/tabiclv2/data178/GAMETES_Heterogeneity_20atts_1600_Het_0.4_0.2_50_EDM-2_001,binclass,1280,256,320,20,2,0.678125,0.6777442094662638,47.46923804283142,0.5520076751708984,ok,,0.2439648437499999,1_minus_roc_auc,,1280,1024,0,320,0.4650098234415054,15,5e-06,True,47.40664005279541,full_train_epoch_chunks,full train set chunked per epoch | validation=dataset_val_split,30,1,epoch_chunk,0.66796875,0.67578125,7,True,True,text-embedding-v4,0.05,128,20,0,20,
HR_Analytics_Job_Change_of_Data_Scientists,/home/crc00006699/zh/tabiclv2/data178/HR_Analytics_Job_Change_of_Data_Scientists,binclass,15326,3066,3832,13,2,0.7998434237995825,0.8021180922833282,818.9669942855835,7.026756763458252,ok,,0.1882942346503319,1_minus_roc_auc,,15326,12260,0,3832,0.4261855101212859,12,5e-06,True,818.7483155727386,full_train_epoch_chunks,full train set chunked per epoch | validation=dataset_val_split,30,1,epoch_chunk,0.8062622309197651,0.8065883887801696,4,True,True,text-embedding-v4,0.05,128,13,0,13,
Indian_pines,/home/crc00006699/zh/tabiclv2/data178/Indian_pines,multiclass,7315,1463,1829,220,8,0.9879715691634772,,1.5165643692016602,15.444628953933716,ok,"baseline_fallback_from_iclv2_ensmble32; original_status: fail; original_error: OutOfMemoryError: CUDA out of memory. Tried to allocate 642.00 MiB. GPU 0 has a total capacity of 23.57 GiB of which 564.00 MiB is free. Process 49896 has 23.01 GiB memory in use. Of the allocated memory 22.47 GiB is allocated by PyTorch, and 229.53 MiB is reserved by PyTorch but unallocated. If reserved but unallocated memory is large try setting PYTORCH_CUDA_ALLOC_CONF=expandable_segments:True to avoid fragmentation.  See documentation for Memory Management  (https://pytorch.org/docs/stable/notes/cuda.html#environment-variables)",,,,0,0,0,0,,0,,False,0.0,,,0,0,,,,0,False,True,text-embedding-v4,0.05,128,220,0,220,
MIC,/home/crc00006699/zh/tabiclv2/data178/MIC,binclass,1319,264,330,104,2,0.906060606060606,0.8955868413554079,184.01074624061584,1.461618185043335,ok,,0.1168388502354347,1_minus_roc_auc,,1319,1055,0,330,0.3005465576425195,21,5e-06,True,183.745080947876,full_train_epoch_chunks,full train set chunked per epoch | validation=dataset_val_split,30,1,epoch_chunk,0.8712121212121212,0.8787878787878788,13,True,True,text-embedding-v4,0.05,128,104,0,104,
Mobile_Price_Classification,/home/crc00006699/zh/tabiclv2/data178/Mobile_Price_Classification,multiclass,1600,320,400,20,4,0.965,0.965028546694125,30.514951705932617,0.6552138328552246,ok,,0.0694774300461069,log_loss,,1600,1280,0,400,0.1080068438313901,8,5e-06,True,30.457589626312256,full_train_epoch_chunks,full train set chunked per epoch | validation=dataset_val_split,30,1,epoch_chunk,0.965625,0.965625,0,True,True,text-embedding-v4,0.05,128,20,0,20,
PieChart3,/home/crc00006699/zh/tabiclv2/data178/PieChart3,binclass,861,173,216,37,2,0.8842592592592593,0.8504784688995214,34.27543330192566,1.1481740474700928,ok,,0.1230648638056044,1_minus_roc_auc,,861,688,0,216,0.259861908853054,10,5e-06,True,34.205007791519165,full_train_epoch_chunks,full train set chunked per epoch | validation=dataset_val_split,30,1,epoch_chunk,0.8728323699421965,0.8786127167630058,2,True,True,text-embedding-v4,0.05,128,37,0,37,
Pumpkin_Seeds,/home/crc00006699/zh/tabiclv2/data178/Pumpkin_Seeds,binclass,2000,400,500,12,2,0.882,0.8818763921833047,39.71507906913757,0.6632027626037598,ok,,0.0524439102564102,1_minus_roc_auc,,2000,1600,0,500,0.2368832845240831,10,5e-06,True,39.672283411026,full_train_epoch_chunks,full train set chunked per epoch | validation=dataset_val_split,30,1,epoch_chunk,0.8725,0.8775,2,True,True,text-embedding-v4,0.05,128,12,0,12,
SDSS17,/home/crc00006699/zh/tabiclv2/data178/SDSS17,multiclass,80000,16000,20000,12,3,0.9775,0.9773858183823398,7741.732597589493,107.8606071472168,ok,,0.0685989946906262,log_loss,,80000,64000,0,20000,0.08568970952183,64,5e-06,True,7740.969877004623,full_train_epoch_chunks,full train set chunked per epoch | validation=dataset_val_split,30,4,epoch_chunk,0.9759375,0.9765625,8,True,True,text-embedding-v4,0.05,128,12,0,12,
UJI_Pen_Characters,/home/crc00006699/zh/tabiclv2/data178/UJI_Pen_Characters,multiclass,1091,219,273,80,35,0.5347985347985348,0.5237833116190207,4.196364402770996,3.683697462081909,ok,,1.3746080550254782,log_loss,,1091,872,0,273,,0,5e-06,False,3.736304044723511,full_train_epoch_chunks,full train set chunked per epoch | validation=dataset_val_split | TTT training skipped because n_classes=35 exceeds model max_classes=10,0,0,epoch_chunk,,,0,False,True,text-embedding-v4,0.05,128,80,0,80,
abalone,/home/crc00006699/zh/tabiclv2/data178/abalone,multiclass,3341,669,836,8,3,0.6399521531100478,0.6434301523934186,54.93880319595337,0.9761559963226318,ok,,0.7393740799563867,log_loss,,3341,2672,0,836,0.7076489664614201,8,5e-06,True,54.89626836776733,full_train_epoch_chunks,full train set chunked per epoch | validation=dataset_val_split,30,1,epoch_chunk,0.6875934230194319,0.6875934230194319,0,True,True,text-embedding-v4,0.05,128,8,0,8,
ada_agnostic,/home/crc00006699/zh/tabiclv2/data178/ada_agnostic,binclass,3649,730,913,48,2,0.8521358159912377,0.8499164542169951,125.91369223594666,2.1736409664154053,ok,,0.0917885719423075,1_minus_roc_auc,,3649,2919,0,913,0.3439198136329651,9,5e-06,True,125.77070999145508,full_train_epoch_chunks,full train set chunked per epoch | validation=dataset_val_split,30,1,epoch_chunk,0.836986301369863,0.8561643835616438,1,True,True,text-embedding-v4,0.05,128,48,0,48,
allbp,/home/crc00006699/zh/tabiclv2/data178/allbp,multiclass,3017,604,755,29,3,0.9774834437086092,0.975153287094861,78.1891713142395,1.3509161472320557,ok,,0.0597491250052741,log_loss,,3017,2413,0,755,0.0833530265372246,9,5e-06,True,78.08068561553955,full_train_epoch_chunks,full train set chunked per epoch | validation=dataset_val_split,30,1,epoch_chunk,0.9817880794701986,0.9834437086092715,1,True,True,text-embedding-v4,0.05,128,29,0,29,
artificial-characters,/home/crc00006699/zh/tabiclv2/data178/artificial-characters,multiclass,8174,1635,2044,7,10,0.9726027397260274,0.9725832346001688,670.4308929443359,2.6694726943969727,ok,,0.0587418990216939,log_loss,,8174,6539,0,2044,0.2076259916648268,30,5e-06,True,670.3592126369476,full_train_epoch_chunks,full train set chunked per epoch | validation=dataset_val_split,30,1,epoch_chunk,0.8886850152905199,0.9480122324159022,30,False,True,text-embedding-v4,0.05,128,7,0,7,
bank,/home/crc00006699/zh/tabiclv2/data178/bank,binclass,36168,7234,9043,16,2,0.9089903792989052,,0.8156044483184814,27.417607069015503,ok,"baseline_fallback_from_iclv2_ensmble32; original_status: fail; original_error: OutOfMemoryError: CUDA out of memory. Tried to allocate 40.00 MiB. GPU 0 has a total capacity of 23.57 GiB of which 6.00 MiB is free. Process 49896 has 23.56 GiB memory in use. Of the allocated memory 22.78 GiB is allocated by PyTorch, and 474.24 MiB is reserved by PyTorch but unallocated. If reserved but unallocated memory is large try setting PYTORCH_CUDA_ALLOC_CONF=expandable_segments:True to avoid fragmentation.  See documentation for Memory Management  (https://pytorch.org/docs/stable/notes/cuda.html#environment-variables)",,,,0,0,0,0,,0,,False,0.0,,,0,0,,,,0,False,True,text-embedding-v4,0.05,128,16,0,16,
car-evaluation,/home/crc00006699/zh/tabiclv2/data178/car-evaluation,multiclass,1382,277,346,21,4,0.9855491329479767,0.985510846572902,32.16649770736694,0.6169047355651855,ok,,0.0217251491713852,log_loss,,1382,1105,0,346,0.015982958371751,9,5e-06,True,32.10114407539368,full_train_epoch_chunks,full train set chunked per epoch | validation=dataset_val_split,30,1,epoch_chunk,0.9855595667870036,0.9891696750902528,1,True,True,text-embedding-v4,0.05,128,21,0,21,
company_bankruptcy_prediction,/home/crc00006699/zh/tabiclv2/data178/company_bankruptcy_prediction,binclass,5455,1091,1364,95,2,0.969208211143695,0.965879647622749,429.3831260204315,6.312956094741821,ok,,0.0369318181818182,1_minus_roc_auc,,5455,4364,0,1364,0.0931563216727227,11,5e-06,True,428.95654821395874,full_train_epoch_chunks,full train set chunked per epoch | validation=dataset_val_split,30,1,epoch_chunk,0.9697525206232814,0.9715857011915674,3,True,True,text-embedding-v4,0.05,128,95,0,95,
credit,/home/crc00006699/zh/tabiclv2/data178/credit,binclass,13371,2675,3343,10,2,0.7852228537241999,0.7852113220901054,779.1167426109314,5.43216872215271,ok,,0.1348170593776754,1_minus_roc_auc,,13371,10696,0,3343,0.4777012206614017,15,5e-06,True,778.9917488098145,full_train_epoch_chunks,full train set chunked per epoch | validation=dataset_val_split,30,1,epoch_chunk,0.7790654205607477,0.7813084112149533,7,True,True,text-embedding-v4,0.05,128,10,0,10,
default_of_credit_card_clients,/home/crc00006699/zh/tabiclv2/data178/default_of_credit_card_clients,binclass,24000,4800,6000,23,2,0.8271666666666667,,0.8335716724395752,15.604940414428713,ok,"baseline_fallback_from_iclv2_ensmble32; original_status: fail; original_error: OutOfMemoryError: CUDA out of memory. Tried to allocate 38.00 MiB. GPU 0 has a total capacity of 23.57 GiB of which 4.00 MiB is free. Process 49896 has 23.56 GiB memory in use. Of the allocated memory 22.98 GiB is allocated by PyTorch, and 264.13 MiB is reserved by PyTorch but unallocated. If reserved but unallocated memory is large try setting PYTORCH_CUDA_ALLOC_CONF=expandable_segments:True to avoid fragmentation.  See documentation for Memory Management  (https://pytorch.org/docs/stable/notes/cuda.html#environment-variables)",,,,0,0,0,0,,0,,False,0.0,,,0,0,,,,0,False,True,text-embedding-v4,0.05,128,23,0,23,
dna,/home/crc00006699/zh/tabiclv2/data178/dna,multiclass,2548,510,638,180,3,0.9717868338557992,0.9719225529564052,232.3001205921173,5.6212427616119385,ok,,0.0787553003621305,log_loss,,2548,2038,0,638,0.1307405459228903,8,5e-06,True,231.68315958976743,full_train_epoch_chunks,full train set chunked per epoch | validation=dataset_val_split,30,1,epoch_chunk,0.976470588235294,0.976470588235294,0,True,True,text-embedding-v4,0.05,128,180,0,180,
eeg-eye-state,/home/crc00006699/zh/tabiclv2/data178/eeg-eye-state,binclass,11984,2397,2996,14,2,0.9936582109479306,0.9936571003325072,411.19712471961975,5.049592971801758,ok,,9.81718863637404e-05,1_minus_roc_auc,,11984,9587,0,2996,0.0355967511422932,9,5e-06,True,411.0521836280823,full_train_epoch_chunks,full train set chunked per epoch | validation=dataset_val_split,30,1,epoch_chunk,0.9929078014184396,0.9937421777221528,1,True,True,text-embedding-v4,0.05,128,14,0,14,
eye_movements,/home/crc00006699/zh/tabiclv2/data178/eye_movements,multiclass,8748,1750,2188,27,3,0.96617915904936,0.9661283401014604,1032.5148990154266,4.20954704284668,ok,,0.0765591997951669,log_loss,,8748,6998,0,2188,0.234371664468199,30,5e-06,True,1032.2790396213531,full_train_epoch_chunks,full train set chunked per epoch | validation=dataset_val_split,30,1,epoch_chunk,0.8154285714285714,0.9582857142857144,30,False,True,text-embedding-v4,0.05,128,27,0,27,
gas-drift,/home/crc00006699/zh/tabiclv2/data178/gas-drift,multiclass,11128,2226,2782,128,6,0.9971243709561468,,1.5506646633148191,15.853734493255615,ok,"baseline_fallback_from_iclv2_ensmble32; original_status: fail; original_error: OutOfMemoryError: CUDA out of memory. Tried to allocate 1.12 GiB. GPU 0 has a total capacity of 23.57 GiB of which 334.00 MiB is free. Process 49896 has 23.24 GiB memory in use. Of the allocated memory 22.12 GiB is allocated by PyTorch, and 817.91 MiB is reserved by PyTorch but unallocated. If reserved but unallocated memory is large try setting PYTORCH_CUDA_ALLOC_CONF=expandable_segments:True to avoid fragmentation.  See documentation for Memory Management  (https://pytorch.org/docs/stable/notes/cuda.html#environment-variables)",,,,0,0,0,0,,0,,False,0.0,,,0,0,,,,0,False,True,text-embedding-v4,0.05,128,128,0,128,
heloc,/home/crc00006699/zh/tabiclv2/data178/heloc,binclass,8000,1600,2000,22,2,0.728,0.7276066640228489,504.3797287940979,3.446753025054932,ok,,0.1959174999999999,1_minus_roc_auc,,8000,6400,0,2000,0.5467729605734348,18,5e-06,True,504.2271239757538,full_train_epoch_chunks,full train set chunked per epoch | validation=dataset_val_split,30,1,epoch_chunk,0.721875,0.725,10,True,True,text-embedding-v4,0.05,128,22,0,22,
htru,/home/crc00006699/zh/tabiclv2/data178/htru,binclass,14318,2864,3580,8,2,0.9807262569832402,0.9805781782399,509.1546108722687,5.778168439865112,ok,,0.0125743444934448,1_minus_roc_auc,,14318,11454,0,3580,0.0687821018509566,9,5e-06,True,509.0515475273132,full_train_epoch_chunks,full train set chunked per epoch | validation=dataset_val_split,30,1,epoch_chunk,0.9793994413407822,0.9797486033519552,1,True,True,text-embedding-v4,0.05,128,8,0,8,
internet_firewall,/home/crc00006699/zh/tabiclv2/data178/internet_firewall,multiclass,52425,10485,13107,7,4,0.9311055161364156,0.92846482506063,2719.190899848938,48.25185251235962,ok,,0.1299876582719506,log_loss,,52425,41940,0,13107,0.1030942634679377,27,5e-06,True,2718.946672439575,full_train_epoch_chunks,full train set chunked per epoch | validation=dataset_val_split,30,3,epoch_chunk,0.8029566046733428,0.934763948497854,1,True,True,text-embedding-v4,0.05,128,7,0,7,
jungle_chess_2pcs_raw_endgame_complete,/home/crc00006699/zh/tabiclv2/data178/jungle_chess_2pcs_raw_endgame_complete,multiclass,35855,7171,8964,6,3,0.9810352521195894,0.9810030587049628,5395.957786798477,24.70801782608032,ok,,0.0613604727979883,log_loss,,35855,28684,0,8964,0.230223199352622,60,5e-06,True,5395.774857521057,full_train_epoch_chunks,full train set chunked per epoch | validation=dataset_val_split,30,2,epoch_chunk,0.895690977548459,0.9726676893041416,30,False,True,text-embedding-v4,0.05,128,6,0,6,
kr-vs-k,/home/crc00006699/zh/tabiclv2/data178/kr-vs-k,multiclass,22444,4489,5612,6,18,0.9196364932287956,0.9195817638944644,1.4052650928497314,25.8046510219574,ok,,0.2340711815303808,log_loss,,22444,17955,0,5612,,0,5e-06,False,0.9160928726196288,full_train_epoch_chunks,full train set chunked per epoch | validation=dataset_val_split | TTT training skipped because n_classes=18 exceeds model max_classes=10,0,0,epoch_chunk,,,0,False,True,text-embedding-v4,0.05,128,6,0,6,
led7,/home/crc00006699/zh/tabiclv2/data178/led7,multiclass,2560,512,640,7,10,0.7390625,0.7348809865674293,38.08091497421265,0.753002405166626,ok,,0.7793559772072295,log_loss,,2560,2048,0,640,0.8218137286603451,8,5e-06,True,38.03492975234985,full_train_epoch_chunks,full train set chunked per epoch | validation=dataset_val_split,30,1,epoch_chunk,0.73046875,0.73046875,0,True,True,text-embedding-v4,0.05,128,7,0,7,
mammography,/home/crc00006699/zh/tabiclv2/data178/mammography,binclass,8946,1790,2237,6,2,0.989718372820742,0.988999218558277,152.25639963150024,2.206992626190185,ok,,0.0125682098222144,1_minus_roc_auc,,8946,7156,0,2237,0.0322167016565799,8,5e-06,True,152.18676114082336,full_train_epoch_chunks,full train set chunked per epoch | validation=dataset_val_split,30,1,epoch_chunk,0.987709497206704,0.987709497206704,0,True,True,text-embedding-v4,0.05,128,6,0,6,
mfeat-fourier,/home/crc00006699/zh/tabiclv2/data178/mfeat-fourier,multiclass,1600,320,400,76,10,0.925,0.9243883823706815,101.45637321472168,1.4031641483306885,ok,,0.2060341910680447,log_loss,,1600,1280,0,400,0.2264101784676313,12,5e-06,True,101.30760860443117,full_train_epoch_chunks,full train set chunked per epoch | validation=dataset_val_split,30,1,epoch_chunk,0.903125,0.909375,4,True,True,text-embedding-v4,0.05,128,76,0,76,
mfeat-pixel,/home/crc00006699/zh/tabiclv2/data178/mfeat-pixel,multiclass,1600,320,400,240,10,0.975,0.97494801061037,198.6628656387329,5.075222015380859,ok,,0.1174098181345075,log_loss,,1600,1280,0,400,0.0415318231098353,8,5e-06,True,198.00518918037412,full_train_epoch_chunks,full train set chunked per epoch | validation=dataset_val_split,30,1,epoch_chunk,0.98125,0.98125,0,True,True,text-embedding-v4,0.05,128,240,0,240,
microaggregation2,/home/crc00006699/zh/tabiclv2/data178/microaggregation2,multiclass,16000,3200,4000,20,5,0.64675,0.5992749705415217,1191.0185723304749,8.448901891708374,ok,,0.857912601413568,log_loss,,16000,12800,0,4000,0.8514996618032455,15,5e-06,True,1190.7767355442047,full_train_epoch_chunks,full train set chunked per epoch | validation=dataset_val_split,30,1,epoch_chunk,0.6346875,0.6503125,7,True,True,text-embedding-v4,0.05,128,20,0,20,
naticusdroid+android+permissions+dataset,/home/crc00006699/zh/tabiclv2/data178/naticusdroid+android+permissions+dataset,binclass,23465,4693,5867,86,2,0.9730697119481848,,2.07755446434021,27.116862535476685,ok,"baseline_fallback_from_iclv2_ensmble32; original_status: fail; original_error: OutOfMemoryError: CUDA out of memory. Tried to allocate 1.61 GiB. GPU 0 has a total capacity of 23.57 GiB of which 370.00 MiB is free. Process 49896 has 23.20 GiB memory in use. Of the allocated memory 21.99 GiB is allocated by PyTorch, and 912.28 MiB is reserved by PyTorch but unallocated. If reserved but unallocated memory is large try setting PYTORCH_CUDA_ALLOC_CONF=expandable_segments:True to avoid fragmentation.  See documentation for Memory Management  (https://pytorch.org/docs/stable/notes/cuda.html#environment-variables)",,,,0,0,0,0,,0,,False,0.0,,,0,0,,,,0,False,True,text-embedding-v4,0.05,128,86,0,86,
one-hundred-plants-margin,/home/crc00006699/zh/tabiclv2/data178/one-hundred-plants-margin,multiclass,1280,256,320,64,100,0.903125,0.9008283730158728,3.911466121673584,5.912488698959351,ok,,0.3319538055284183,log_loss,,1280,1024,0,320,,0,5e-06,False,3.4423370361328125,full_train_epoch_chunks,full train set chunked per epoch | validation=dataset_val_split | TTT training skipped because n_classes=100 exceeds model max_classes=10,0,0,epoch_chunk,,,0,False,True,text-embedding-v4,0.05,128,64,0,64,
online_shoppers,/home/crc00006699/zh/tabiclv2/data178/online_shoppers,binclass,9864,1973,2466,14,2,0.9063260340632604,0.9011296998350696,307.3856317996979,3.9315531253814697,ok,,0.0700864728522474,1_minus_roc_auc,,9864,7891,0,2466,0.223387052770704,9,5e-06,True,307.2365186214447,full_train_epoch_chunks,full train set chunked per epoch | validation=dataset_val_split,30,1,epoch_chunk,0.900658895083629,0.902179422199696,1,True,True,text-embedding-v4,0.05,128,14,0,14,
page-blocks,/home/crc00006699/zh/tabiclv2/data178/page-blocks,multiclass,4378,876,1095,10,5,0.9771689497716894,0.9769424468656428,89.87420606613159,1.3494462966918943,ok,,0.0855774598516493,log_loss,,4378,3502,0,1095,0.0540795709239319,9,5e-06,True,89.81693696975708,full_train_epoch_chunks,full train set chunked per epoch | validation=dataset_val_split,30,1,epoch_chunk,0.9691780821917808,0.9714611872146118,1,True,True,text-embedding-v4,0.05,128,10,0,10,
pc4,/home/crc00006699/zh/tabiclv2/data178/pc4,binclass,1166,234,292,37,2,0.9143835616438356,0.9103508205574876,56.98488926887512,0.7054674625396729,ok,,0.0392795138888888,1_minus_roc_auc,,1166,932,0,292,0.1674360637553036,14,5e-06,True,56.908615589141846,full_train_epoch_chunks,full train set chunked per epoch | validation=dataset_val_split,30,1,epoch_chunk,0.9230769230769232,0.9273504273504274,6,True,True,text-embedding-v4,0.05,128,37,0,37,
pol,/home/crc00006699/zh/tabiclv2/data178/pol,binclass,8065,1613,2017,26,2,0.9930589985126426,0.9930589951003956,475.9532678127289,3.729273557662964,ok,,0.0002507197130586,1_minus_roc_auc,,8065,6452,0,2017,0.0322520895861089,16,5e-06,True,475.800815820694,full_train_epoch_chunks,full train set chunked per epoch | validation=dataset_val_split,30,1,epoch_chunk,0.9919404835709856,0.9931804091754496,8,True,True,text-embedding-v4,0.05,128,26,0,26,
rice_cammeo_and_osmancik,/home/crc00006699/zh/tabiclv2/data178/rice_cammeo_and_osmancik,binclass,3048,610,762,7,2,0.931758530183727,0.9314798849732624,57.89110279083252,0.8047463893890381,ok,,0.0214794281533179,1_minus_roc_auc,,3048,2438,0,762,0.157075744587928,11,5e-06,True,57.85363245010376,full_train_epoch_chunks,full train set chunked per epoch | validation=dataset_val_split,30,1,epoch_chunk,0.9327868852459016,0.9360655737704918,3,True,True,text-embedding-v4,0.05,128,7,0,7,
satimage,/home/crc00006699/zh/tabiclv2/data178/satimage,multiclass,5144,1029,1286,36,6,0.9455676516329704,0.9448036024431068,381.7304401397705,2.661777973175049,ok,,0.1278240537250896,log_loss,,5144,4115,0,1286,0.1922366260550916,20,5e-06,True,381.5704305171967,full_train_epoch_chunks,full train set chunked per epoch | validation=dataset_val_split,30,1,epoch_chunk,0.9319727891156464,0.9416909620991254,12,True,True,text-embedding-v4,0.05,128,36,0,36,
semeion,/home/crc00006699/zh/tabiclv2/data178/semeion,multiclass,1274,255,319,256,10,0.9686520376175548,0.9686948325435536,198.46113514900208,4.24065899848938,ok,,0.0975764607294362,log_loss,,1274,1019,0,319,0.1351562102790922,9,5e-06,True,198.01021337509155,full_train_epoch_chunks,full train set chunked per epoch | validation=dataset_val_split,30,1,epoch_chunk,0.9568627450980391,0.9607843137254902,1,True,True,text-embedding-v4,0.05,128,256,0,256,
splice,/home/crc00006699/zh/tabiclv2/data178/splice,multiclass,2552,511,638,60,3,0.9608150470219436,0.9607765132232094,123.42827916145325,1.8220913410186768,ok,,0.0974719005278059,log_loss,,2552,2041,0,638,0.095370371825993,11,5e-06,True,123.20214509963988,full_train_epoch_chunks,full train set chunked per epoch | validation=dataset_val_split,30,1,epoch_chunk,0.9686888454011742,0.9706457925636008,3,True,True,text-embedding-v4,0.05,128,60,0,60,
steel_plates_faults,/home/crc00006699/zh/tabiclv2/data178/steel_plates_faults,multiclass,1552,311,389,27,7,0.8560411311053985,0.8562880840545886,46.90091466903687,0.7613065242767334,ok,,0.3641299510338809,log_loss,,1552,1241,0,389,0.4142582081258297,11,5e-06,True,46.831939697265625,full_train_epoch_chunks,full train set chunked per epoch | validation=dataset_val_split,30,1,epoch_chunk,0.8038585209003215,0.819935691318328,3,True,True,text-embedding-v4,0.05,128,27,0,27,
telco-customer-churn,/home/crc00006699/zh/tabiclv2/data178/telco-customer-churn,binclass,5634,1127,1409,18,2,0.8055358410220014,0.7975092184456082,129.6141641139984,2.221451759338379,ok,,0.1484163889534734,1_minus_roc_auc,,5634,4507,0,1409,0.4183734897524118,8,5e-06,True,129.48153042793274,full_train_epoch_chunks,full train set chunked per epoch | validation=dataset_val_split,30,1,epoch_chunk,0.8163265306122449,0.8163265306122449,0,True,True,text-embedding-v4,0.05,128,18,0,18,
thyroid-ann,/home/crc00006699/zh/tabiclv2/data178/thyroid-ann,multiclass,3017,604,755,21,3,0.9920529801324504,0.9919737363445972,62.78742241859436,1.2162964344024658,ok,,0.0151935095167327,log_loss,,3017,2413,0,755,0.0070399987598648,8,5e-06,True,62.7189040184021,full_train_epoch_chunks,full train set chunked per epoch | validation=dataset_val_split,30,1,epoch_chunk,0.9950331125827816,0.9950331125827816,0,True,True,text-embedding-v4,0.05,128,21,0,21,
twonorm,/home/crc00006699/zh/tabiclv2/data178/twonorm,binclass,5920,1184,1480,20,2,0.9777027027027028,0.9777023464142108,142.2833273410797,2.377570152282715,ok,,0.0015558830458054,1_minus_roc_auc,,5920,4736,0,1480,0.0480489174369722,8,5e-06,True,142.1816430091858,full_train_epoch_chunks,full train set chunked per epoch | validation=dataset_val_split,30,1,epoch_chunk,0.977195945945946,0.977195945945946,0,True,True,text-embedding-v4,0.05,128,20,0,20,
walking-activity,/home/crc00006699/zh/tabiclv2/data178/walking-activity,multiclass,119465,23893,29867,4,22,0.6754612113704088,0.6747277444860854,2.641908645629883,366.9653539657593,ok,,0.9163670724106996,log_loss,,119465,95572,0,29867,,0,5e-06,False,1.875631332397461,full_train_epoch_chunks,full train set chunked per epoch | validation=dataset_val_split | TTT training skipped because n_classes=22 exceeds model max_classes=10,0,0,epoch_chunk,,,0,False,True,text-embedding-v4,0.05,128,4,0,4,
waveform-5000,/home/crc00006699/zh/tabiclv2/data178/waveform-5000,multiclass,4000,800,1000,40,3,0.868,0.8679453462706075,145.18273878097534,2.196089267730713,ok,,0.258484550690751,log_loss,,4000,3200,0,1000,0.2539508044719696,10,5e-06,True,145.04067540168762,full_train_epoch_chunks,full train set chunked per epoch | validation=dataset_val_split,30,1,epoch_chunk,0.87375,0.875,2,True,True,text-embedding-v4,0.05,128,40,0,40,
website_phishing,/home/crc00006699/zh/tabiclv2/data178/website_phishing,multiclass,1082,217,271,9,3,0.92619926199262,0.9264532281561662,19.53060412406921,0.3767199516296386,ok,,0.2389775720905421,log_loss,,1082,865,0,271,0.1908159623853862,8,5e-06,True,19.494441032409668,full_train_epoch_chunks,full train set chunked per epoch | validation=dataset_val_split,30,1,epoch_chunk,0.9216589861751152,0.9216589861751152,0,True,True,text-embedding-v4,0.05,128,9,0,9,
wine-quality-white,/home/crc00006699/zh/tabiclv2/data178/wine-quality-white,multiclass,3918,784,980,11,7,0.6908163265306122,0.6826932342118999,69.31639766693115,1.2246496677398682,ok,,0.7506964717967852,log_loss,,3918,3134,0,980,0.7750709876418114,8,5e-06,True,69.25794744491577,full_train_epoch_chunks,full train set chunked per epoch | validation=dataset_val_split,30,1,epoch_chunk,0.6875,0.6875,0,True,True,text-embedding-v4,0.05,128,11,0,11,
