dataset_name,accuracy_base,accuracy_ttt,delta_accuracy,delta_correct,accuracy_direction,n_train_base,n_val_base,n_test_base,n_features_base,n_classes_base,ttt_applied_bool,baseline_fallback_fill,true_ttt_accepted,ttt_steps,ttt_loss,ttt_update_seconds,ttt_epochs,ttt_chunks_per_epoch,ttt_batch_mode,ttt_val_baseline_accuracy,ttt_val_best_accuracy,ttt_best_epoch,ttt_stopped_early,ttt_split_reason,info_total_rows,info_train_size,info_val_size,info_test_size,info_n_features,info_n_num_features,info_n_cat_features,info_n_classes,info_imbalance_ratio,sample_size_bin,feature_count_bin,error_ttt
eye_movements_bin,0.6550591327201051,0.9507227332457292,0.2956636005256241,449.99999999999994,提升,6086,1218,1522,20,2,True,False,True,30,0.3701567729003727,539.4082975387573,30,1,epoch_chunk,0.645320197044335,0.9203612479474548,30,False,full train set chunked per epoch | validation=dataset_val_split,7608,4868,1218,1522,20,20,0,2,1.0,5k-20k,11-30,
eye_movements,0.8354661791590493,0.9657221206581352,0.13025594149908593,285.0,提升,8748,1750,2188,27,3,True,False,True,30,0.2349948030896484,1031.5006313323977,30,1,epoch_chunk,0.8154285714285714,0.9582857142857144,30,False,full train set chunked per epoch | validation=dataset_val_split,10936,6998,1750,2188,27,24,3,3,1.4850174216027874,5k-20k,11-30,
Click_prediction_small,0.7178973717146433,0.8334167709637046,0.1155193992490613,922.9999999999998,提升,31958,6392,7990,3,2,True,False,True,28,0.4329749904572963,861.1744821071625,30,2,epoch_chunk,0.8322903629536921,0.8327596996245307,6,True,full train set chunked per epoch | validation=dataset_val_split,39948,25566,6392,7990,3,3,0,2,,20k-100k,<=10,
jungle_chess_2pcs_raw_endgame_complete,0.892458723784025,0.9803659080767516,0.08790718429272659,788.0000000000011,提升,35855,7171,8964,6,3,True,False,True,60,0.2302396669983863,5377.361808776856,30,2,epoch_chunk,0.8962487798075582,0.9719704364802676,30,False,full train set chunked per epoch | validation=dataset_val_split,44819,28684,7171,8964,6,6,0,3,5.3199538638985,20k-100k,<=10,
compass,0.8305797536797838,0.8987683989185942,0.06818864523881041,226.99999999999986,提升,13315,2663,3329,17,2,True,False,True,30,0.3351252404972911,1686.4257745742798,30,1,epoch_chunk,0.8062335711603454,0.8787082238077356,30,False,full train set chunked per epoch | validation=dataset_val_split,16644,10652,2663,3329,17,8,9,2,1.0,5k-20k,11-30,
BLE_RSSI_dataset_for_Indoor_localization,0.7336004006009014,0.7766649974962444,0.04306459689534303,86.00000000000004,提升,7987,1598,1997,3,3,True,False,True,30,0.5472536012530327,346.4659342765808,30,1,epoch_chunk,0.7509386733416771,0.7834793491864831,26,False,full train set chunked per epoch | validation=dataset_val_split,9984,6389,1598,1997,3,3,0,3,,5k-20k,<=10,
artificial-characters,0.9408023483365948,0.9740704500978472,0.03326810176125239,67.99999999999989,提升,8174,1635,2044,7,10,True,False,True,30,0.2077797870151698,666.8997671604156,30,1,epoch_chunk,0.8880733944954129,0.9480122324159022,30,False,full train set chunked per epoch | validation=dataset_val_split,10218,6539,1635,2044,7,7,0,10,2.36,5k-20k,<=10,
electricity,0.9261833829857664,0.9417411453161204,0.015557762330353997,140.99999999999827,提升,36249,7250,9063,8,2,True,False,True,60,0.279958407394588,5599.327779531479,30,2,epoch_chunk,0.9164137931034484,0.9325517241379312,30,False,full train set chunked per epoch | validation=dataset_val_split,45312,28999,7250,9063,8,7,1,2,1.3554608306908562,20k-100k,<=10,
Basketball_c,0.7014925373134329,0.7164179104477612,0.01492537313432829,3.999999999999982,提升,1072,215,268,11,2,True,False,True,19,0.6135827135294676,43.96201705932617,30,1,epoch_chunk,0.7534883720930232,0.7627906976744186,11,True,full train set chunked per epoch | validation=dataset_val_split,1340,857,215,268,11,11,0,2,,1k-5k,11-30,
GesturePhaseSegmentationProcessed,0.8273417721518987,0.8420253164556962,0.01468354430379748,29.00000000000002,提升,7898,1580,1975,32,5,True,False,True,25,0.6110010854899883,797.9714410305023,30,1,epoch_chunk,0.790506329113924,0.810126582278481,17,True,full train set chunked per epoch | validation=dataset_val_split,9873,6318,1580,1975,32,32,0,5,2.9559118236472948,5k-20k,31-100,
mfeat-zernike,0.8975,0.9075,0.010000000000000009,4.0000000000000036,提升,1600,320,400,47,10,True,False,True,17,0.1912147519178688,94.47653698921204,30,1,epoch_chunk,0.9,0.9125,9,True,full train set chunked per epoch | validation=dataset_val_split,2000,1280,320,400,47,47,0,10,1.0,1k-5k,31-100,
Firm-Teacher_Clave-Direction_Classification,0.8791666666666667,0.8870370370370371,0.007870370370370416,17.0000000000001,提升,8640,1728,2160,16,4,True,False,True,23,0.3303346568718552,656.2728748321533,30,1,epoch_chunk,0.8663194444444444,0.8721064814814815,15,True,full train set chunked per epoch | validation=dataset_val_split,10800,6912,1728,2160,16,0,16,4,,5k-20k,11-30,
steel_plates_faults,0.8483290488431876,0.8560411311053985,0.007712082262210873,3.0000000000000298,提升,1552,311,389,27,7,True,False,True,11,0.4143114136531949,45.94175410270691,30,1,epoch_chunk,0.8038585209003215,0.819935691318328,3,True,full train set chunked per epoch | validation=dataset_val_split,1941,1241,311,389,27,25,2,7,,1k-5k,11-30,
airlines_seed_0_nrows_2000_nclasses_10_ncols_100_stratify_True,0.595,0.6025,0.007500000000000062,3.000000000000025,提升,1600,320,400,7,2,True,False,True,12,0.631160905584693,29.02566957473755,30,1,epoch_chunk,0.659375,0.6625,4,True,full train set chunked per epoch | validation=dataset_val_split,2000,1280,320,400,7,3,4,2,1.244668911335578,1k-5k,<=10,
kdd_ipums_la_97-small,0.8853564547206165,0.8901734104046243,0.004816955684007751,5.000000000000045,提升,4150,830,1038,20,2,True,False,True,23,0.2663140762597322,260.460022687912,30,1,epoch_chunk,0.8795180722891566,0.8879518072289156,15,True,full train set chunked per epoch | validation=dataset_val_split,5188,3320,830,1038,20,20,0,2,1.0,5k-20k,11-30,
PizzaCutter3,0.8851674641148325,0.8899521531100478,0.004784688995215336,1.0000000000000053,提升,834,167,209,37,2,True,False,True,10,0.3058040579780936,31.15415668487549,30,1,epoch_chunk,0.8922155688622755,0.8982035928143712,2,True,full train set chunked per epoch | validation=dataset_val_split,1043,667,167,209,37,37,0,2,7.21259842519685,1k-5k,31-100,
waveform_database_generator,0.354,0.358,0.0040000000000000036,4.0000000000000036,提升,3999,800,1000,21,3,True,False,True,24,1.0971061140298843,249.5123443603516,30,1,epoch_chunk,0.33125,0.34375,16,True,full train set chunked per epoch | validation=dataset_val_split,4999,3199,800,1000,21,21,0,3,,1k-5k,11-30,
accelerometer,0.7422633247279501,0.7456945851442763,0.003431260416326243,104.99999999999936,提升,122403,24481,30601,4,4,True,False,True,48,0.5729852970689535,5763.654284238815,30,5,epoch_chunk,0.7434745312691475,0.7463747395939708,2,True,full train set chunked per epoch | validation=dataset_val_split,153004,97922,24481,30601,4,3,1,4,,>100k,<=10,
California-Housing-Classification,0.9217538759689924,0.9249031007751938,0.0031492248062013894,12.999999999999336,提升,16512,3303,4128,8,2,True,False,True,23,0.1876077810302376,1659.2667787075045,30,1,epoch_chunk,0.916439600363306,0.9215864365728126,15,True,full train set chunked per epoch | validation=dataset_val_split,20640,13209,3303,4128,8,8,0,2,1.0005815644082583,20k-100k,<=10,
satimage,0.9416796267496113,0.9447900466562986,0.0031104199066873672,3.9999999999999543,提升,5144,1029,1286,36,6,True,False,True,20,0.1922256629914045,379.2997305393219,30,1,epoch_chunk,0.9319727891156464,0.9426627793974732,12,True,full train set chunked per epoch | validation=dataset_val_split,6430,4115,1029,1286,36,36,0,6,2.4496,5k-20k,31-100,
rl,0.9054325955734408,0.908450704225352,0.003018108651911211,2.9999999999997438,提升,3976,796,994,12,2,True,False,True,14,0.3071482321247458,122.03554677963255,30,1,epoch_chunk,0.8793969849246231,0.8907035175879398,6,True,full train set chunked per epoch | validation=dataset_val_split,4970,3180,796,994,12,5,7,2,1.0,1k-5k,11-30,
waveform-5000,0.865,0.868,0.0030000000000000027,3.0000000000000027,提升,4000,800,1000,40,3,True,False,True,10,0.253965051844716,142.9787015914917,30,1,epoch_chunk,0.87375,0.875,2,True,full train set chunked per epoch | validation=dataset_val_split,5000,3200,800,1000,40,40,0,3,1.0235934664246824,1k-5k,31-100,
FOREX_audusd-hour-High,0.7070165430690245,0.7099828864803195,0.0029663434112949805,26.000000000000504,提升,35060,7012,8765,10,2,True,False,True,42,0.5620832815766335,3888.9030842781062,30,2,epoch_chunk,0.7086423274386765,0.7167712492869367,13,True,full train set chunked per epoch | validation=dataset_val_split,43825,28048,7012,8765,10,10,0,2,1.1258792141644434,20k-100k,<=10,
mozilla4,0.944033451270505,0.9469282727565134,0.002894821486008392,9.00000000000009,提升,12436,2488,3109,4,2,True,False,True,22,0.1744594741612672,475.33189964294434,30,1,epoch_chunk,0.9409163987138264,0.9437299035369776,14,True,full train set chunked per epoch | validation=dataset_val_split,15545,9948,2488,3109,4,4,0,2,2.043265465935787,5k-20k,<=10,
FOREX_audchf-day-High,0.7493188010899182,0.7520435967302452,0.0027247956403270157,1.0000000000000147,提升,1466,294,367,10,2,True,False,True,14,0.5251205805689096,38.33545017242432,30,1,epoch_chunk,0.7142857142857143,0.7244897959183674,6,True,full train set chunked per epoch | validation=dataset_val_split,1833,1172,294,367,10,10,0,2,1.0276548672566372,1k-5k,<=10,
mfeat-fourier,0.9225,0.925,0.0025000000000000577,1.000000000000023,提升,1600,320,400,76,10,True,False,True,12,0.2263757451437413,97.85203170776369,30,1,epoch_chunk,0.903125,0.909375,4,True,full train set chunked per epoch | validation=dataset_val_split,2000,1280,320,400,76,76,0,10,1.0,1k-5k,31-100,
kc1,0.8720379146919431,0.8744075829383886,0.0023696682464454666,0.9999999999999869,提升,1687,338,422,21,2,True,False,True,12,0.3437296841293573,48.90532875061035,30,1,epoch_chunk,0.878698224852071,0.8846153846153846,4,True,full train set chunked per epoch | validation=dataset_val_split,2109,1349,338,422,21,21,0,2,5.469325153374233,1k-5k,11-30,
Customer_Personality_Analysis,0.890625,0.8928571428571429,0.0022321428571429047,1.0000000000000213,提升,1792,359,448,24,2,True,False,True,9,0.2665187120437622,40.61457633972168,30,1,epoch_chunk,0.8885793871866295,0.8913649025069638,1,True,full train set chunked per epoch | validation=dataset_val_split,2240,1433,359,448,24,22,2,2,,1k-5k,11-30,
ada_agnostic,0.8510405257393209,0.8532311062431545,0.0021905805038335835,2.0000000000000617,提升,3649,730,913,48,2,True,False,True,10,0.32456293143332,137.16090059280396,30,1,epoch_chunk,0.8356164383561644,0.8561643835616438,2,True,full train set chunked per epoch | validation=dataset_val_split,4562,2919,730,913,48,48,0,2,,1k-5k,31-100,
ozone-level-8hr,0.9546351084812624,0.9566074950690336,0.0019723865877712132,1.000000000000005,提升,2027,406,507,72,2,True,False,True,14,0.1553051453083753,144.35992431640625,30,1,epoch_chunk,0.9458128078817734,0.9507389162561576,6,True,full train set chunked per epoch | validation=dataset_val_split,2534,1621,406,507,72,72,0,2,14.8375,1k-5k,31-100,
in_vehicle_coupon_recommendation,0.7871501773748522,0.7891210090658258,0.0019708316909736734,5.00000000000021,提升,10147,2030,2537,21,2,True,False,True,15,0.4869465921074152,581.6942448616028,30,1,epoch_chunk,0.7640394088669951,0.767487684729064,7,True,full train set chunked per epoch | validation=dataset_val_split,12684,8117,2030,2537,21,0,21,2,,5k-20k,11-30,
FOREX_audsgd-hour-High,0.7105533371363377,0.7124928693667998,0.00193953223046206,16.999999999999954,提升,35060,7012,8765,10,2,True,False,True,58,0.5765517540276051,5418.464160203934,30,2,epoch_chunk,0.7137763833428409,0.7194808899030234,21,True,full train set chunked per epoch | validation=dataset_val_split,43825,28048,7012,8765,10,10,0,2,1.0607043776743312,20k-100k,<=10,
Cardiovascular-Disease-dataset,0.7322142857142857,0.734,0.0017857142857142794,24.99999999999991,提升,56000,11200,14000,11,2,True,False,True,48,0.5314604006707668,5202.614682197571,30,3,epoch_chunk,0.7325892857142857,0.7327678571428572,8,True,full train set chunked per epoch | validation=dataset_val_split,70000,44800,11200,14000,11,5,6,2,1.0012007204322593,20k-100k,11-30,
microaggregation2,0.64425,0.64575,0.0015000000000000568,6.000000000000227,提升,16000,3200,4000,20,5,True,False,True,9,0.8530948534607887,713.6206436157227,30,1,epoch_chunk,0.631875,0.6509375,1,True,full train set chunked per epoch | validation=dataset_val_split,20000,12800,3200,4000,20,20,0,5,15.022880215343204,5k-20k,11-30,
E-CommereShippingData,0.6763636363636364,0.6777272727272727,0.0013636363636363447,2.9999999999999583,提升,8799,1760,2200,10,2,True,False,True,18,0.4911956945434212,472.0916504859924,30,1,epoch_chunk,0.6840909090909091,0.6863636363636364,10,True,full train set chunked per epoch | validation=dataset_val_split,10999,7039,1760,2200,10,6,4,2,,5k-20k,<=10,
allrep,0.9841059602649008,0.9854304635761588,0.0013245033112579963,0.9999999999997872,提升,3017,604,755,29,4,True,False,True,11,0.0485400984762236,93.5659806728363,30,1,epoch_chunk,0.9867549668874172,0.98841059602649,3,True,full train set chunked per epoch | validation=dataset_val_split,3772,2413,604,755,29,6,23,4,107.29411764705883,1k-5k,11-30,
ada,0.8626506024096385,0.863855421686747,0.001204819277108471,1.0000000000000309,提升,3317,664,830,48,2,True,False,True,14,0.3375658160075545,174.75825428962708,30,1,epoch_chunk,0.8689759036144579,0.8795180722891566,6,True,full train set chunked per epoch | validation=dataset_val_split,4147,2653,664,830,48,48,0,2,3.0301263362487854,1k-5k,31-100,
credit,0.7858211187556088,0.7870176488184266,0.0011965300628178355,4.000000000000024,提升,13371,2675,3343,10,2,True,False,True,15,0.4776884065940976,773.982744216919,30,1,epoch_chunk,0.7794392523364486,0.7831775700934579,7,True,full train set chunked per epoch | validation=dataset_val_split,16714,10696,2675,3343,10,10,0,2,1.0,5k-20k,<=10,
predict_students_dropout_and_academic_success,0.7830508474576271,0.784180790960452,0.001129943502824915,1.0000000000000497,提升,3539,708,885,34,3,True,False,True,15,0.5502890404313803,170.97247409820557,30,1,epoch_chunk,0.8022598870056498,0.8121468926553672,7,True,full train set chunked per epoch | validation=dataset_val_split,4424,2831,708,885,34,5,29,3,,1k-5k,31-100,
ada_prior,0.8554216867469879,0.8565169769989047,0.0010952902519167917,1.0000000000000309,提升,3649,730,913,14,2,True,False,True,13,0.3117978870868683,108.49521493911745,30,1,epoch_chunk,0.8342465753424657,0.8424657534246576,5,True,full train set chunked per epoch | validation=dataset_val_split,4562,2919,730,913,14,6,8,2,3.030035335689046,1k-5k,11-30,
Employee,0.8603651987110634,0.8614393125671321,0.0010741138560687036,0.999999999999963,提升,3722,745,931,8,2,True,False,True,13,0.3658025534823537,97.12857866287231,30,1,epoch_chunk,0.8523489932885906,0.8577181208053691,5,True,full train set chunked per epoch | validation=dataset_val_split,4653,2977,745,931,8,3,5,2,,1k-5k,<=10,
jm1,0.819935691318328,0.8208543867707855,0.0009186954524574853,1.9999999999999454,提升,8708,1742,2177,21,2,True,False,True,11,0.4191650627180934,345.9917161464691,30,1,epoch_chunk,0.8214695752009185,0.8266360505166476,3,True,full train set chunked per epoch | validation=dataset_val_split,10885,6966,1742,2177,21,21,0,2,4.168566001899335,5k-20k,11-30,
FOREX_cadjpy-hour-High,0.7159155733029093,0.7168282943525385,0.0009127210496291394,7.999999999999407,提升,35060,7012,8765,10,2,True,False,True,46,0.5499532390385866,4297.628052949905,30,2,epoch_chunk,0.7119224187107815,0.7183399885909869,15,True,full train set chunked per epoch | validation=dataset_val_split,43825,28048,7012,8765,10,10,0,2,1.0738690138179066,20k-100k,<=10,
company_bankruptcy_prediction,0.968475073313783,0.969208211143695,0.0007331378299120228,0.9999999999999991,提升,5455,1091,1364,95,2,True,False,True,11,0.0931399550754576,424.5357277393341,30,1,epoch_chunk,0.9697525206232814,0.9715857011915674,3,True,full train set chunked per epoch | validation=dataset_val_split,6819,4364,1091,1364,95,93,2,2,,5k-20k,31-100,
Amazon_employee_access,0.9441562404638388,0.9447665547757096,0.0006103143118707521,4.0000000000009095,提升,26215,5243,6554,7,2,True,False,True,60,0.2218231996521353,3970.780950307846,30,2,epoch_chunk,0.9488842265878314,0.9515544535571238,30,False,full train set chunked per epoch | validation=dataset_val_split,32769,20972,5243,6554,7,0,7,2,16.274117026884554,20k-100k,<=10,
MagicTelescope,0.8940588853838065,0.8945846477392219,0.000525762355415349,1.9999999999999876,提升,15216,3044,3804,9,2,True,False,True,22,0.2806076277047395,1374.0353798866272,30,1,epoch_chunk,0.8827201051248358,0.8853482260183968,14,True,full train set chunked per epoch | validation=dataset_val_split,19020,12172,3044,3804,9,9,0,2,1.8438995215311005,5k-20k,<=10,
house_16H,0.8917716827279466,0.8921423276501111,0.0003706449221645425,0.9999999999999356,提升,10790,2158,2698,16,2,True,False,True,23,0.2519884333014488,926.9332296848296,30,1,epoch_chunk,0.8822984244670992,0.8873957367933272,15,True,full train set chunked per epoch | validation=dataset_val_split,13488,8632,2158,2698,16,16,0,2,1.0,5k-20k,11-30,
SDSS17,0.9776,0.97765,4.999999999999449e-05,0.9999999999998899,提升,80000,16000,20000,12,3,True,False,True,68,0.0880425109062343,8190.852625608444,30,4,epoch_chunk,0.9759375,0.976625,9,True,full train set chunked per epoch | validation=dataset_val_split,100000,64000,16000,20000,12,8,4,3,,20k-100k,11-30,
ASP-POTASSCO-classification,0.4903474903474903,0.4903474903474903,0.0,0.0,持平,1035,207,259,141,11,False,False,False,0,,0.8879561424255371,0,0,epoch_chunk,,,0,False,full train set chunked per epoch | validation=dataset_val_split | TTT training skipped because n_classes=11 exceeds model max_classes=10,1294,828,207,259,141,140,1,11,12.285714285714286,1k-5k,101-300,
BNG(breast-w),0.9880619761239524,0.9880619761239524,0.0,0.0,持平,31492,6299,7874,9,2,True,False,True,44,0.0378288718638941,3667.1398146152496,30,2,epoch_chunk,0.9872995713605334,0.9884108588664868,14,True,full train set chunked per epoch | validation=dataset_val_split,39366,25193,6299,7874,9,9,0,2,1.9060977410305626,20k-100k,<=10,
BNG(cmc),0.5874321880650994,0.5874321880650994,0.0,0.0,持平,44236,8848,11060,9,3,False,True,False,0,,0.0,0,0,,,,0,False,,55296,35388,8848,11060,9,2,7,3,1.893387964971479,20k-100k,<=10,"baseline_fallback_from_iclv2_ensmble32; original_status: fail; original_error: OutOfMemoryError: CUDA out of memory. Tried to allocate 2.00 MiB. GPU 0 has a total capacity of 23.57 GiB of which 2.00 MiB is free. Process 44658 has 23.56 GiB memory in use. Of the allocated memory 19.64 GiB is allocated by PyTorch, and 3.61 GiB is reserved by PyTorch but unallocated. If reserved but unallocated memory is large try setting PYTORCH_CUDA_ALLOC_CONF=expandable_segments:True to avoid fragmentation.  See documentation for Memory Management  (https://pytorch.org/docs/stable/notes/cuda.html#environment-variables)"
Credit_c,0.81865,0.81865,0.0,0.0,持平,80000,16000,20000,22,3,False,True,False,0,,0.0,0,0,,,,0,False,,100000,64000,16000,20000,22,17,5,3,,20k-100k,11-30,"baseline_fallback_from_iclv2_ensmble32; original_status: fail; original_error: OutOfMemoryError: CUDA out of memory. Tried to allocate 80.00 MiB. GPU 0 has a total capacity of 23.57 GiB of which 50.00 MiB is free. Process 44659 has 23.51 GiB memory in use. Of the allocated memory 22.98 GiB is allocated by PyTorch, and 221.48 MiB is reserved by PyTorch but unallocated. If reserved but unallocated memory is large try setting PYTORCH_CUDA_ALLOC_CONF=expandable_segments:True to avoid fragmentation.  See documentation for Memory Management  (https://pytorch.org/docs/stable/notes/cuda.html#environment-variables)"
Diabetic_Retinopathy_Debrecen,0.7402597402597403,0.7402597402597403,0.0,0.0,持平,920,184,231,19,2,True,False,False,8,0.4126488789916038,20.10179734230041,30,1,epoch_chunk,0.75,0.75,0,True,full train set chunked per epoch | validation=dataset_val_split,1151,736,184,231,19,16,3,2,,1k-5k,11-30,
FICO-HELOC-cleaned,0.7549367088607595,0.7549367088607595,0.0,0.0,持平,7896,1580,1975,23,2,True,False,False,8,0.5204612705856562,224.13238787651065,30,1,epoch_chunk,0.7493670886075949,0.7493670886075949,0,True,full train set chunked per epoch | validation=dataset_val_split,9871,6316,1580,1975,23,21,2,2,1.0846884899683211,5k-20k,11-30,
FOREX_audcad-day-High,0.7465940054495913,0.7465940054495913,0.0,0.0,持平,1467,294,367,10,2,True,False,True,9,0.5418390743434429,25.30198693275452,30,1,epoch_chunk,0.7142857142857143,0.717687074829932,1,True,full train set chunked per epoch | validation=dataset_val_split,1834,1173,294,367,10,10,0,2,1.0310077519379846,1k-5k,<=10,
FOREX_audjpy-hour-High,0.7220764403879064,0.7220764403879064,0.0,0.0,持平,35060,7012,8765,10,2,True,False,False,16,0.56995496340096,1482.2604794502258,30,2,epoch_chunk,0.7191956645750143,0.7191956645750143,0,True,full train set chunked per epoch | validation=dataset_val_split,43825,28048,7012,8765,10,10,0,2,1.0619648066246354,20k-100k,<=10,
GAMETES_Epistasis_2-Way_20atts_0.1H_EDM-1_1,0.678125,0.678125,0.0,0.0,持平,1280,256,320,20,2,True,False,True,12,0.6108961887657642,37.00019001960754,30,1,epoch_chunk,0.6484375,0.65625,4,True,full train set chunked per epoch | validation=dataset_val_split,1600,1024,256,320,20,0,20,2,1.0,1k-5k,11-30,
IBM_HR_Analytics_Employee_Attrition_and_Performance,0.8775510204081632,0.8775510204081632,0.0,0.0,持平,1176,236,294,31,2,True,False,False,8,0.3018402056768536,29.48820734024048,30,1,epoch_chunk,0.9110169491525424,0.9110169491525424,0,True,full train set chunked per epoch | validation=dataset_val_split,1470,940,236,294,31,25,6,2,,1k-5k,31-100,
INNHotelsGroup,0.9046175051688492,0.9046175051688492,0.0,0.0,持平,29020,5804,7255,17,2,False,True,False,0,,0.0,0,0,,,,0,False,,36275,23216,5804,7255,17,11,6,2,,20k-100k,11-30,"baseline_fallback_from_iclv2_ensmble32; original_status: fail; original_error: OutOfMemoryError: CUDA out of memory. Tried to allocate 40.00 MiB. GPU 0 has a total capacity of 23.57 GiB of which 24.00 MiB is free. Process 44658 has 23.54 GiB memory in use. Of the allocated memory 22.75 GiB is allocated by PyTorch, and 484.07 MiB is reserved by PyTorch but unallocated. If reserved but unallocated memory is large try setting PYTORCH_CUDA_ALLOC_CONF=expandable_segments:True to avoid fragmentation.  See documentation for Memory Management  (https://pytorch.org/docs/stable/notes/cuda.html#environment-variables)"
Indian_pines,0.9879715691634772,0.9879715691634772,0.0,0.0,持平,7315,1463,1829,220,8,False,True,False,0,,0.0,0,0,,,,0,False,,9144,5852,1463,1829,220,220,0,8,202.5,5k-20k,101-300,"baseline_fallback_from_iclv2_ensmble32; original_status: fail; original_error: OutOfMemoryError: CUDA out of memory. Tried to allocate 42.00 MiB. GPU 0 has a total capacity of 23.57 GiB of which 36.00 MiB is free. Process 44659 has 23.53 GiB memory in use. Of the allocated memory 23.10 GiB is allocated by PyTorch, and 120.62 MiB is reserved by PyTorch but unallocated. If reserved but unallocated memory is large try setting PYTORCH_CUDA_ALLOC_CONF=expandable_segments:True to avoid fragmentation.  See documentation for Memory Management  (https://pytorch.org/docs/stable/notes/cuda.html#environment-variables)"
JapaneseVowels,0.9994982438534872,0.9994982438534872,0.0,0.0,持平,7968,1594,1993,14,9,True,False,False,8,0.0142999623494688,193.12566137313843,30,1,epoch_chunk,0.9968632371392724,0.9968632371392724,0,True,full train set chunked per epoch | validation=dataset_val_split,9961,6374,1594,1993,14,14,0,9,2.0639386189258313,5k-20k,11-30,
KDDCup09_upselling,0.8109161793372319,0.8109161793372319,0.0,0.0,持平,4102,821,1026,49,2,True,False,False,8,0.3863673415035009,137.78117775917053,30,1,epoch_chunk,0.8136419001218027,0.8136419001218027,0,True,full train set chunked per epoch | validation=dataset_val_split,5128,3281,821,1026,49,34,15,2,1.0,5k-20k,31-100,
MIC,0.9090909090909092,0.9090909090909092,0.0,0.0,持平,1319,264,330,104,2,True,False,False,8,0.2978144427761435,68.77706146240234,30,1,epoch_chunk,0.8712121212121212,0.8712121212121212,0,True,full train set chunked per epoch | validation=dataset_val_split,1649,1055,264,330,104,9,95,2,5.416342412451362,1k-5k,101-300,
Marketing_Campaign,0.8839285714285714,0.8839285714285714,0.0,0.0,持平,1792,359,448,27,2,True,False,False,8,0.2143178270198404,36.75160026550293,30,1,epoch_chunk,0.9108635097493036,0.9108635097493036,0,True,full train set chunked per epoch | validation=dataset_val_split,2240,1433,359,448,27,19,8,2,,1k-5k,11-30,
Mobile_Price_Classification,0.965,0.965,0.0,0.0,持平,1600,320,400,20,4,True,False,False,8,0.1080038710497319,29.46640110015869,30,1,epoch_chunk,0.965625,0.965625,0,True,full train set chunked per epoch | validation=dataset_val_split,2000,1280,320,400,20,14,6,4,,1k-5k,11-30,
National_Health_and_Nutrition_Health_Survey,0.8333333333333334,0.8333333333333334,0.0,0.0,持平,1822,365,456,7,2,True,False,False,8,0.3817887660115957,22.62435269355774,30,1,epoch_chunk,0.8547945205479452,0.8547945205479452,0,True,full train set chunked per epoch | validation=dataset_val_split,2278,1457,365,456,7,7,0,2,,1k-5k,<=10,
PieChart3,0.8842592592592593,0.8842592592592593,0.0,0.0,持平,861,173,216,37,2,True,False,True,10,0.2598444279283285,31.82148766517639,30,1,epoch_chunk,0.8728323699421965,0.8786127167630058,2,True,full train set chunked per epoch | validation=dataset_val_split,1077,688,173,216,37,37,0,2,7.037313432835821,1k-5k,31-100,
Pima_Indians_Diabetes_Database,0.7272727272727273,0.7272727272727273,0.0,0.0,持平,614,123,154,8,2,True,False,False,8,0.5465328674763441,15.291364192962646,30,1,epoch_chunk,0.7723577235772358,0.7723577235772358,0,True,full train set chunked per epoch | validation=dataset_val_split,768,491,123,154,8,8,0,2,,<=1k,<=10,
Rain_in_Australia,0.8577272102296164,0.8577272102296164,0.0,0.0,持平,116368,23274,29092,18,3,False,True,False,0,,0.0,0,0,,,,0,False,,145460,93094,23274,29092,18,12,6,3,,>100k,11-30,"baseline_fallback_from_iclv2_ensmble32; original_status: fail; original_error: OutOfMemoryError: CUDA out of memory. Tried to allocate 40.00 MiB. GPU 0 has a total capacity of 23.57 GiB of which 30.00 MiB is free. Process 44658 has 23.53 GiB memory in use. Of the allocated memory 22.74 GiB is allocated by PyTorch, and 491.06 MiB is reserved by PyTorch but unallocated. If reserved but unallocated memory is large try setting PYTORCH_CUDA_ALLOC_CONF=expandable_segments:True to avoid fragmentation.  See documentation for Memory Management  (https://pytorch.org/docs/stable/notes/cuda.html#environment-variables)"
Satellite,0.9931372549019608,0.9931372549019608,0.0,0.0,持平,4080,816,1020,36,2,True,False,False,8,0.0065205784485442,109.54398560523988,30,1,epoch_chunk,0.9963235294117648,0.9963235294117648,0,True,full train set chunked per epoch | validation=dataset_val_split,5100,3264,816,1020,36,36,0,2,67.0,5k-20k,31-100,
Telecom_Churn_Dataset,0.9610194902548724,0.9610194902548724,0.0,0.0,持平,2666,534,667,17,2,True,False,False,8,0.0993414411786943,49.42776036262512,30,1,epoch_chunk,0.9644194756554308,0.9644194756554308,0,True,full train set chunked per epoch | validation=dataset_val_split,3333,2132,534,667,17,14,3,2,,1k-5k,11-30,
UJI_Pen_Characters,0.5384615384615384,0.5384615384615384,0.0,0.0,持平,1091,219,273,80,35,False,False,False,0,,0.4545085430145263,0,0,epoch_chunk,,,0,False,full train set chunked per epoch | validation=dataset_val_split | TTT training skipped because n_classes=35 exceeds model max_classes=10,1364,872,219,273,80,80,0,35,,1k-5k,31-100,
Wilt,0.9927461139896372,0.9927461139896372,0.0,0.0,持平,3856,772,965,5,2,True,False,True,9,0.03447125852108,42.78122901916504,30,1,epoch_chunk,0.9870466321243524,0.9883419689119172,1,True,full train set chunked per epoch | validation=dataset_val_split,4821,3084,772,965,5,5,0,2,,1k-5k,<=10,
abalone,0.6399521531100478,0.6399521531100478,0.0,0.0,持平,3341,669,836,8,3,True,False,False,8,0.7076399065554142,54.19311809539795,30,1,epoch_chunk,0.6875934230194319,0.6875934230194319,0,True,full train set chunked per epoch | validation=dataset_val_split,4177,2672,669,836,8,7,1,3,1.093726379440665,1k-5k,<=10,
allbp,0.9774834437086092,0.9774834437086092,0.0,0.0,持平,3017,604,755,29,3,True,False,True,9,0.0833341602701693,76.78010630607605,30,1,epoch_chunk,0.9817880794701986,0.9834437086092715,1,True,full train set chunked per epoch | validation=dataset_val_split,3772,2413,604,755,29,6,23,3,257.7857142857143,1k-5k,11-30,
analcatdata_authorship,0.9940828402366864,0.9940828402366864,0.0,0.0,持平,672,135,169,69,4,True,False,False,8,0.0006849949663774,31.1587233543396,30,1,epoch_chunk,1.0,1.0,0,True,full train set chunked per epoch | validation=dataset_val_split,841,537,135,169,69,69,0,4,5.763636363636364,<=1k,31-100,
autoUniv-au7-1100,0.4090909090909091,0.4090909090909091,0.0,0.0,持平,880,176,220,12,5,True,False,False,8,1.3007434718310833,17.219518423080444,30,1,epoch_chunk,0.5227272727272727,0.5227272727272727,0,True,full train set chunked per epoch | validation=dataset_val_split,1100,704,176,220,12,8,4,5,1.9934640522875817,1k-5k,11-30,
bank,0.9089903792989052,0.9089903792989052,0.0,0.0,持平,36168,7234,9043,16,2,False,True,False,0,,0.0,0,0,,,,0,False,,45211,28934,7234,9043,16,7,9,2,,20k-100k,11-30,"baseline_fallback_from_iclv2_ensmble32; original_status: fail; original_error: OutOfMemoryError: CUDA out of memory. Tried to allocate 80.00 MiB. GPU 0 has a total capacity of 23.57 GiB of which 54.00 MiB is free. Process 44659 has 23.51 GiB memory in use. Of the allocated memory 22.83 GiB is allocated by PyTorch, and 372.48 MiB is reserved by PyTorch but unallocated. If reserved but unallocated memory is large try setting PYTORCH_CUDA_ALLOC_CONF=expandable_segments:True to avoid fragmentation.  See documentation for Memory Management  (https://pytorch.org/docs/stable/notes/cuda.html#environment-variables)"
banknote_authentication,0.5381818181818182,0.5381818181818182,0.0,0.0,持平,1097,220,275,4,2,True,False,True,17,0.6784989759325981,19.35369634628296,30,1,epoch_chunk,0.5772727272727273,0.5909090909090909,9,True,full train set chunked per epoch | validation=dataset_val_split,1372,877,220,275,4,4,0,2,,1k-5k,<=10,
baseball,0.9440298507462688,0.9440298507462688,0.0,0.0,持平,1072,215,268,16,3,True,False,True,11,0.1435740636661648,28.49161100387573,30,1,epoch_chunk,0.9534883720930232,0.958139534883721,3,True,full train set chunked per epoch | validation=dataset_val_split,1340,857,215,268,16,15,1,3,21.31578947368421,1k-5k,11-30,
car-evaluation,0.9855491329479767,0.9855491329479767,0.0,0.0,持平,1382,277,346,21,4,True,False,True,9,0.0159908333152998,30.509161949157715,30,1,epoch_chunk,0.9855595667870036,0.9891696750902528,1,True,full train set chunked per epoch | validation=dataset_val_split,1728,1105,277,346,21,0,21,4,18.615384615384617,1k-5k,11-30,
churn,0.967,0.967,0.0,0.0,持平,4000,800,1000,20,2,True,False,False,8,0.1188717081677168,83.13507676124573,30,1,epoch_chunk,0.975,0.975,0,True,full train set chunked per epoch | validation=dataset_val_split,5000,3200,800,1000,20,16,4,2,6.072135785007072,1k-5k,11-30,
customer_satisfaction_in_airline,0.9647751770865414,0.9647751770865414,0.0,0.0,持平,103904,20781,25976,21,2,False,True,False,0,,0.0,0,0,,,,0,False,,129880,83123,20781,25976,21,4,17,2,,>100k,11-30,"baseline_fallback_from_iclv2_ensmble32; original_status: fail; original_error: OutOfMemoryError: CUDA out of memory. Tried to allocate 80.00 MiB. GPU 0 has a total capacity of 23.57 GiB of which 12.00 MiB is free. Process 44657 has 23.55 GiB memory in use. Of the allocated memory 22.95 GiB is allocated by PyTorch, and 289.16 MiB is reserved by PyTorch but unallocated. If reserved but unallocated memory is large try setting PYTORCH_CUDA_ALLOC_CONF=expandable_segments:True to avoid fragmentation.  See documentation for Memory Management  (https://pytorch.org/docs/stable/notes/cuda.html#environment-variables)"
dabetes_130-us_hospitals,0.6438537879532279,0.6438537879532279,0.0,0.0,持平,81412,16283,20354,20,2,False,True,False,0,,0.0,0,0,,,,0,False,,101766,65129,16283,20354,20,8,12,2,,>100k,11-30,"baseline_fallback_from_iclv2_ensmble32; original_status: fail; original_error: OutOfMemoryError: CUDA out of memory. Tried to allocate 40.00 MiB. GPU 0 has a total capacity of 23.57 GiB of which 28.00 MiB is free. Process 44658 has 23.54 GiB memory in use. Of the allocated memory 22.80 GiB is allocated by PyTorch, and 432.35 MiB is reserved by PyTorch but unallocated. If reserved but unallocated memory is large try setting PYTORCH_CUDA_ALLOC_CONF=expandable_segments:True to avoid fragmentation.  See documentation for Memory Management  (https://pytorch.org/docs/stable/notes/cuda.html#environment-variables)"
default_of_credit_card_clients,0.8271666666666667,0.8271666666666667,0.0,0.0,持平,24000,4800,6000,23,2,False,True,False,0,,0.0,0,0,,,,0,False,,30000,19200,4800,6000,23,14,9,2,,20k-100k,11-30,"baseline_fallback_from_iclv2_ensmble32; original_status: fail; original_error: OutOfMemoryError: CUDA out of memory. Tried to allocate 38.00 MiB. GPU 0 has a total capacity of 23.57 GiB of which 8.00 MiB is free. Process 44659 has 23.55 GiB memory in use. Of the allocated memory 23.00 GiB is allocated by PyTorch, and 242.16 MiB is reserved by PyTorch but unallocated. If reserved but unallocated memory is large try setting PYTORCH_CUDA_ALLOC_CONF=expandable_segments:True to avoid fragmentation.  See documentation for Memory Management  (https://pytorch.org/docs/stable/notes/cuda.html#environment-variables)"
delta_ailerons,0.953015427769986,0.953015427769986,0.0,0.0,持平,5703,1141,1426,5,2,True,False,False,8,0.1477405996993184,64.41866111755371,30,1,epoch_chunk,0.9430324276950044,0.9430324276950044,0,True,full train set chunked per epoch | validation=dataset_val_split,7129,4562,1141,1426,5,5,0,2,1.1306037059175136,5k-20k,<=10,
dis,0.990728476821192,0.990728476821192,0.0,0.0,持平,3017,604,755,29,2,True,False,True,23,0.0325578866177238,196.10512232780457,30,1,epoch_chunk,0.9850993377483444,0.9950331125827816,15,True,full train set chunked per epoch | validation=dataset_val_split,3772,2413,604,755,29,6,23,2,64.03448275862068,1k-5k,11-30,
dna,0.9717868338557992,0.9717868338557992,0.0,0.0,持平,2548,510,638,180,3,True,False,False,8,0.1307752768043428,224.2997095584869,30,1,epoch_chunk,0.976470588235294,0.976470588235294,0,True,full train set chunked per epoch | validation=dataset_val_split,3186,2038,510,638,180,0,180,3,2.1620915032679737,1k-5k,101-300,
drug_consumption,0.403183023872679,0.403183023872679,0.0,0.0,持平,1507,302,377,12,7,True,False,False,8,1.5001282691955566,23.930110931396484,30,1,epoch_chunk,0.4039735099337748,0.4039735099337748,0,True,full train set chunked per epoch | validation=dataset_val_split,1884,1205,302,377,12,12,0,7,,1k-5k,11-30,
dry_bean_dataset,0.9287550495776716,0.9287550495776716,0.0,0.0,持平,10888,2178,2723,16,7,True,False,False,8,0.1676537003368139,326.90969800949097,30,1,epoch_chunk,0.9325068870523416,0.9325068870523416,0,True,full train set chunked per epoch | validation=dataset_val_split,13611,8710,2178,2723,16,16,0,7,,5k-20k,11-30,
estimation_of_obesity_levels,0.9905437352245864,0.9905437352245864,0.0,0.0,持平,1688,338,423,16,7,True,False,True,18,0.0382701997878029,64.86520171165466,30,1,epoch_chunk,0.9822485207100592,0.9911242603550297,10,True,full train set chunked per epoch | validation=dataset_val_split,2111,1350,338,423,16,8,8,7,,1k-5k,11-30,
gas-drift,0.9971243709561468,0.9971243709561468,0.0,0.0,持平,11128,2226,2782,128,6,False,True,False,0,,0.0,0,0,,,,0,False,,13910,8902,2226,2782,128,128,0,6,1.83363802559415,5k-20k,101-300,"baseline_fallback_from_iclv2_ensmble32; original_status: fail; original_error: OutOfMemoryError: CUDA out of memory. Tried to allocate 1.12 GiB. GPU 0 has a total capacity of 23.57 GiB of which 632.00 MiB is free. Process 44659 has 22.95 GiB memory in use. Of the allocated memory 22.12 GiB is allocated by PyTorch, and 518.30 MiB is reserved by PyTorch but unallocated. If reserved but unallocated memory is large try setting PYTORCH_CUDA_ALLOC_CONF=expandable_segments:True to avoid fragmentation.  See documentation for Memory Management  (https://pytorch.org/docs/stable/notes/cuda.html#environment-variables)"
gina_agnostic,0.9740634005763688,0.9740634005763688,0.0,0.0,持平,2774,555,694,970,2,False,True,False,0,,0.0,0,0,,,,0,False,,3468,2219,555,694,970,970,0,2,,1k-5k,>300,"baseline_fallback_from_iclv2_ensmble32; original_status: fail; original_error: OutOfMemoryError: CUDA out of memory. Tried to allocate 1.03 GiB. GPU 0 has a total capacity of 23.57 GiB of which 794.00 MiB is free. Process 44657 has 22.79 GiB memory in use. Of the allocated memory 22.34 GiB is allocated by PyTorch, and 136.11 MiB is reserved by PyTorch but unallocated. If reserved but unallocated memory is large try setting PYTORCH_CUDA_ALLOC_CONF=expandable_segments:True to avoid fragmentation.  See documentation for Memory Management  (https://pytorch.org/docs/stable/notes/cuda.html#environment-variables)"
golf_play_dataset_extended,0.9452054794520548,0.9452054794520548,0.0,0.0,持平,876,176,219,9,2,True,False,False,8,0.0972041618078947,16.171951055526733,30,1,epoch_chunk,0.9204545454545454,0.9204545454545454,0,True,full train set chunked per epoch | validation=dataset_val_split,1095,700,176,219,9,3,6,2,,1k-5k,<=10,
hill-valley,0.97119341563786,0.97119341563786,0.0,0.0,持平,969,194,243,100,2,True,False,True,21,0.0344581313402159,133.073832988739,30,1,epoch_chunk,0.9381443298969072,0.9845360824742267,13,True,full train set chunked per epoch | validation=dataset_val_split,1212,775,194,243,100,100,0,2,1.0,1k-5k,31-100,
htru,0.9807262569832402,0.9807262569832402,0.0,0.0,持平,14318,2864,3580,8,2,True,False,True,9,0.068782405462116,506.6217813491821,30,1,epoch_chunk,0.9793994413407822,0.9797486033519552,1,True,full train set chunked per epoch | validation=dataset_val_split,17898,11454,2864,3580,8,8,0,2,,5k-20k,<=10,
ibm-employee-performance,1.0,1.0,0.0,0.0,持平,1176,236,294,30,2,True,False,False,8,1.7505474296797274e-06,29.057694673538208,30,1,epoch_chunk,1.0,1.0,0,True,full train set chunked per epoch | validation=dataset_val_split,1470,940,236,294,30,23,7,2,5.504424778761062,1k-5k,11-30,
internet_firewall,0.925154497596704,0.925154497596704,0.0,0.0,持平,52425,10485,13107,7,4,True,False,True,27,0.1029246074613183,2709.9521057605743,30,3,epoch_chunk,0.8028612303290414,0.934763948497854,1,True,full train set chunked per epoch | validation=dataset_val_split,65532,41940,10485,13107,7,7,0,4,,20k-100k,<=10,
internet_usage,0.5499505440158259,0.5499505440158259,0.0,0.0,持平,8086,1618,2022,70,46,False,False,False,0,,0.791741132736206,0,0,epoch_chunk,,,0,False,full train set chunked per epoch | validation=dataset_val_split | TTT training skipped because n_classes=46 exceeds model max_classes=10,10108,6468,1618,2022,70,0,70,46,,5k-20k,31-100,
kr-vs-k,0.9196364932287956,0.9196364932287956,0.0,0.0,持平,22444,4489,5612,6,18,False,False,False,0,,0.4609129428863525,0,0,epoch_chunk,,,0,False,full train set chunked per epoch | validation=dataset_val_split | TTT training skipped because n_classes=18 exceeds model max_classes=10,28056,17955,4489,5612,6,3,3,18,168.62962962962962,20k-100k,<=10,
kropt,0.9164290805416964,0.9164290805416964,0.0,0.0,持平,22444,4489,5612,6,18,False,False,False,0,,0.4676771163940429,0,0,epoch_chunk,,,0,False,full train set chunked per epoch | validation=dataset_val_split | TTT training skipped because n_classes=18 exceeds model max_classes=10,28056,17955,4489,5612,6,0,6,18,168.62962962962962,20k-100k,<=10,
led7,0.7390625,0.7390625,0.0,0.0,持平,2560,512,640,7,10,True,False,False,8,0.821800172328949,37.68981599807739,30,1,epoch_chunk,0.73046875,0.73046875,0,True,full train set chunked per epoch | validation=dataset_val_split,3200,2048,512,640,7,0,7,10,1.262962962962963,1k-5k,<=10,
letter,0.99,0.99,0.0,0.0,持平,16000,3200,4000,15,26,False,False,False,0,,0.5069434642791748,0,0,epoch_chunk,,,0,False,full train set chunked per epoch | validation=dataset_val_split | TTT training skipped because n_classes=26 exceeds model max_classes=10,20000,12800,3200,4000,15,15,0,26,1.1076294277929155,5k-20k,11-30,
madeline,0.9235668789808916,0.9235668789808916,0.0,0.0,持平,2512,503,628,259,2,False,True,False,0,,0.0,0,0,,,,0,False,,3140,2009,503,628,259,259,0,2,1.011531069827034,1k-5k,101-300,"baseline_fallback_from_iclv2_ensmble32; original_status: fail; original_error: OutOfMemoryError: CUDA out of memory. Tried to allocate 252.00 MiB. GPU 0 has a total capacity of 23.57 GiB of which 58.00 MiB is free. Process 44658 has 23.51 GiB memory in use. Of the allocated memory 22.04 GiB is allocated by PyTorch, and 1.15 GiB is reserved by PyTorch but unallocated. If reserved but unallocated memory is large try setting PYTORCH_CUDA_ALLOC_CONF=expandable_segments:True to avoid fragmentation.  See documentation for Memory Management  (https://pytorch.org/docs/stable/notes/cuda.html#environment-variables)"
maternal_health_risk,0.8719211822660099,0.8719211822660099,0.0,0.0,持平,811,163,203,6,3,True,False,True,9,0.4371988493949175,17.259971618652344,30,1,epoch_chunk,0.8282208588957055,0.8343558282208589,1,True,full train set chunked per epoch | validation=dataset_val_split,1014,648,163,203,6,6,0,3,,1k-5k,<=10,
mfeat-factors,0.9825,0.9825,0.0,0.0,持平,1600,320,400,216,10,True,False,False,8,0.0405956987524405,169.0123519897461,30,1,epoch_chunk,0.984375,0.984375,0,True,full train set chunked per epoch | validation=dataset_val_split,2000,1280,320,400,216,216,0,10,1.0,1k-5k,101-300,
mfeat-karhunen,0.975,0.975,0.0,0.0,持平,1600,320,400,64,10,True,False,True,12,0.0346997646265663,88.37615489959717,30,1,epoch_chunk,0.978125,0.98125,4,True,full train set chunked per epoch | validation=dataset_val_split,2000,1280,320,400,64,64,0,10,1.0,1k-5k,31-100,
mfeat-morphological,0.77,0.77,0.0,0.0,持平,1600,320,400,6,10,True,False,False,8,0.7256335876882076,21.26373696327209,30,1,epoch_chunk,0.753125,0.753125,0,True,full train set chunked per epoch | validation=dataset_val_split,2000,1280,320,400,6,6,0,10,1.0,1k-5k,<=10,
mfeat-pixel,0.975,0.975,0.0,0.0,持平,1600,320,400,240,10,True,False,False,8,0.0415484004188329,185.6154270172119,30,1,epoch_chunk,0.98125,0.98125,0,True,full train set chunked per epoch | validation=dataset_val_split,2000,1280,320,400,240,0,240,10,1.0,1k-5k,101-300,
mice_protein_expression,1.0,1.0,0.0,0.0,持平,864,173,216,75,8,True,False,False,8,0.0002579433769938,39.652615547180176,30,1,epoch_chunk,1.0,1.0,0,True,full train set chunked per epoch | validation=dataset_val_split,1080,691,173,216,75,75,0,8,,1k-5k,31-100,
naticusdroid+android+permissions+dataset,0.9730697119481848,0.9730697119481848,0.0,0.0,持平,23465,4693,5867,86,2,False,True,False,0,,0.0,0,0,,,,0,False,,29332,18772,4693,5867,86,0,86,2,,20k-100k,31-100,"baseline_fallback_from_iclv2_ensmble32; original_status: fail; original_error: OutOfMemoryError: CUDA out of memory. Tried to allocate 1.61 GiB. GPU 0 has a total capacity of 23.57 GiB of which 820.00 MiB is free. Process 44659 has 22.76 GiB memory in use. Of the allocated memory 21.99 GiB is allocated by PyTorch, and 462.48 MiB is reserved by PyTorch but unallocated. If reserved but unallocated memory is large try setting PYTORCH_CUDA_ALLOC_CONF=expandable_segments:True to avoid fragmentation.  See documentation for Memory Management  (https://pytorch.org/docs/stable/notes/cuda.html#environment-variables)"
national-longitudinal-survey-binary,1.0,1.0,0.0,0.0,持平,3926,786,982,16,2,True,False,False,8,0.0001843574314079,75.74071025848389,30,1,epoch_chunk,1.0,1.0,0,True,full train set chunked per epoch | validation=dataset_val_split,4908,3140,786,982,16,9,7,2,1.648677819751754,1k-5k,11-30,
one-hundred-plants-margin,0.903125,0.903125,0.0,0.0,持平,1280,256,320,64,100,False,False,False,0,,0.4620857238769531,0,0,epoch_chunk,,,0,False,full train set chunked per epoch | validation=dataset_val_split | TTT training skipped because n_classes=100 exceeds model max_classes=10,1600,1024,256,320,64,64,0,100,1.0,1k-5k,31-100,
one-hundred-plants-shape,0.840625,0.840625,0.0,0.0,持平,1280,256,320,64,100,False,False,False,0,,0.4612984657287597,0,0,epoch_chunk,,,0,False,full train set chunked per epoch | validation=dataset_val_split | TTT training skipped because n_classes=100 exceeds model max_classes=10,1600,1024,256,320,64,64,0,100,1.0,1k-5k,31-100,
one-hundred-plants-texture,0.928125,0.928125,0.0,0.0,持平,1279,256,320,64,100,False,False,False,0,,0.4650275707244873,0,0,epoch_chunk,,,0,False,full train set chunked per epoch | validation=dataset_val_split | TTT training skipped because n_classes=100 exceeds model max_classes=10,1599,1023,256,320,64,64,0,100,1.0666666666666667,1k-5k,31-100,
online_shoppers,0.9059205190592052,0.9059205190592052,0.0,0.0,持平,9864,1973,2466,14,2,True,False,False,8,0.2152217044495046,272.33220314979553,30,1,epoch_chunk,0.9011657374556512,0.9011657374556512,0,True,full train set chunked per epoch | validation=dataset_val_split,12330,7891,1973,2466,14,5,9,2,5.462264150943396,5k-20k,11-30,
optdigits,0.9973309608540926,0.9973309608540926,0.0,0.0,持平,4496,900,1124,64,10,True,False,True,9,0.0165812732593622,206.0330753326416,30,1,epoch_chunk,0.99,0.9922222222222222,1,True,full train set chunked per epoch | validation=dataset_val_split,5620,3596,900,1124,64,64,0,10,1.032490974729242,5k-20k,31-100,
page-blocks,0.9771689497716894,0.9771689497716894,0.0,0.0,持平,4378,876,1095,10,5,True,False,True,9,0.0540827444056049,88.76539969444275,30,1,epoch_chunk,0.9691780821917808,0.9726027397260274,1,True,full train set chunked per epoch | validation=dataset_val_split,5473,3502,876,1095,10,10,0,5,175.46428571428572,5k-20k,<=10,
pc1,0.945945945945946,0.945945945945946,0.0,0.0,持平,887,178,222,21,2,True,False,False,8,0.1841230052523315,20.131365537643436,30,1,epoch_chunk,0.9325842696629212,0.9325842696629212,0,True,full train set chunked per epoch | validation=dataset_val_split,1109,709,178,222,21,21,0,2,13.402597402597403,1k-5k,11-30,
pc3,0.9009584664536742,0.9009584664536742,0.0,0.0,持平,1250,250,313,37,2,True,False,False,8,0.2261883406899869,33.944557428359985,30,1,epoch_chunk,0.892,0.892,0,True,full train set chunked per epoch | validation=dataset_val_split,1563,1000,250,313,37,37,0,2,8.76875,1k-5k,31-100,
pc4,0.910958904109589,0.910958904109589,0.0,0.0,持平,1166,234,292,37,2,True,False,True,23,0.1551613127812743,90.1468198299408,30,1,epoch_chunk,0.9230769230769232,0.9316239316239316,15,True,full train set chunked per epoch | validation=dataset_val_split,1458,932,234,292,37,37,0,2,7.191011235955056,1k-5k,31-100,
pendigits,0.9972714870395636,0.9972714870395636,0.0,0.0,持平,8793,1759,2199,16,10,True,False,False,8,0.004954210940923,231.1585967540741,30,1,epoch_chunk,0.9982944855031268,0.9982944855031268,0,True,full train set chunked per epoch | validation=dataset_val_split,10992,7034,1759,2199,16,16,0,10,1.0843601895734598,5k-20k,11-30,
qsar,0.9004739336492891,0.9004739336492891,0.0,0.0,持平,844,169,211,40,2,True,False,False,8,0.2498009018599987,26.42250061035156,30,1,epoch_chunk,0.8875739644970414,0.8875739644970414,0,True,full train set chunked per epoch | validation=dataset_val_split,1055,675,169,211,40,30,10,2,1.9634831460674158,1k-5k,31-100,
rice_cammeo_and_osmancik,0.931758530183727,0.931758530183727,0.0,0.0,持平,3048,610,762,7,2,True,False,True,13,0.1617652564309537,67.63741850852966,30,1,epoch_chunk,0.9327868852459016,0.9360655737704918,5,True,full train set chunked per epoch | validation=dataset_val_split,3810,2438,610,762,7,7,0,2,,1k-5k,<=10,
seismic+bumps,0.9342359767891684,0.9342359767891684,0.0,0.0,持平,2067,414,517,18,2,True,False,False,8,0.1886345818638801,36.12348198890686,30,1,epoch_chunk,0.9347826086956522,0.9347826086956522,0,True,full train set chunked per epoch | validation=dataset_val_split,2584,1653,414,517,18,14,4,2,,1k-5k,11-30,
semeion,0.9686520376175548,0.9686520376175548,0.0,0.0,持平,1274,255,319,256,10,True,False,True,9,0.1352050397545099,187.22654247283936,30,1,epoch_chunk,0.9568627450980391,0.9607843137254902,1,True,full train set chunked per epoch | validation=dataset_val_split,1593,1019,255,319,256,256,0,10,1.0451612903225806,1k-5k,101-300,
shuttle,0.9993103448275862,0.9993103448275862,0.0,0.0,持平,46400,9280,11600,9,7,True,False,False,16,0.0006810756090089,2117.7061100006104,30,2,epoch_chunk,0.9998922413793104,0.9998922413793104,0,True,full train set chunked per epoch | validation=dataset_val_split,58000,37120,9280,11600,9,9,0,7,4558.6,20k-100k,<=10,
spambase,0.9587404994571118,0.9587404994571118,0.0,0.0,持平,3680,736,921,57,2,True,False,True,14,0.1032306689303368,221.3848087787628,30,1,epoch_chunk,0.9633152173913044,0.9660326086956522,6,True,full train set chunked per epoch | validation=dataset_val_split,4601,2944,736,921,57,57,0,2,1.5377826806398236,1k-5k,31-100,
splice,0.9608150470219436,0.9608150470219436,0.0,0.0,持平,2552,511,638,60,3,True,False,True,11,0.0954090310260653,119.77884101867676,30,1,epoch_chunk,0.9686888454011742,0.9706457925636008,3,True,full train set chunked per epoch | validation=dataset_val_split,3190,2041,511,638,60,0,60,3,2.1577574967405475,1k-5k,31-100,
sports_articles_for_objectivity_analysis,0.845,0.845,0.0,0.0,持平,800,160,200,59,2,True,False,False,8,0.4527423158288002,30.720256090164185,30,1,epoch_chunk,0.8375,0.8375,0,True,full train set chunked per epoch | validation=dataset_val_split,1000,640,160,200,59,57,2,2,,<=1k,31-100,
statlog,0.73,0.73,0.0,0.0,持平,800,160,200,20,2,True,False,False,8,0.4537084717303514,18.923298835754395,30,1,epoch_chunk,0.76875,0.76875,0,True,full train set chunked per epoch | validation=dataset_val_split,1000,640,160,200,20,7,13,2,,<=1k,11-30,
sylvine,0.977560975609756,0.977560975609756,0.0,0.0,持平,4099,820,1025,20,2,True,False,False,8,0.0727274704258889,85.79214596748352,30,1,epoch_chunk,0.9792682926829268,0.9792682926829268,0,True,full train set chunked per epoch | validation=dataset_val_split,5124,3279,820,1025,20,20,0,2,1.0,5k-20k,11-30,
telco-customer-churn,0.8055358410220014,0.8055358410220014,0.0,0.0,持平,5634,1127,1409,18,2,True,False,False,8,0.4183853268623352,127.95896220207214,30,1,epoch_chunk,0.8163265306122449,0.8163265306122449,0,True,full train set chunked per epoch | validation=dataset_val_split,7043,4507,1127,1409,18,3,15,2,2.7683253076511503,5k-20k,11-30,
texture,1.0,1.0,0.0,0.0,持平,4400,880,1100,40,11,False,False,False,0,,0.4792940616607666,0,0,epoch_chunk,,,0,False,full train set chunked per epoch | validation=dataset_val_split | TTT training skipped because n_classes=11 exceeds model max_classes=10,5500,3520,880,1100,40,40,0,11,1.0,5k-20k,31-100,
thyroid,0.9958333333333332,0.9958333333333332,0.0,0.0,持平,5760,1152,1440,21,3,True,False,True,12,0.0087089860608102,206.97781658172607,30,1,epoch_chunk,0.9939236111111112,0.9947916666666666,4,True,full train set chunked per epoch | validation=dataset_val_split,7200,4608,1152,1440,21,21,0,3,,5k-20k,11-30,
thyroid-ann,0.9920529801324504,0.9920529801324504,0.0,0.0,持平,3017,604,755,21,3,True,False,False,8,0.0070541420282097,61.43502569198608,30,1,epoch_chunk,0.9950331125827816,0.9950331125827816,0,True,full train set chunked per epoch | validation=dataset_val_split,3772,2413,604,755,21,21,0,3,37.505376344086024,1k-5k,11-30,
thyroid-dis,0.6982142857142857,0.6982142857142857,0.0,0.0,持平,2240,448,560,26,5,True,False,False,8,0.6808900311589241,47.44251775741577,30,1,epoch_chunk,0.7388392857142857,0.7388392857142857,0,True,full train set chunked per epoch | validation=dataset_val_split,2800,1792,448,560,26,6,20,5,52.645161290322584,1k-5k,11-30,
turiye_student_evaluation,0.5197594501718213,0.5197594501718213,0.0,0.0,持平,4656,932,1164,32,5,True,False,False,8,1.1892214193940165,126.17388606071472,30,1,epoch_chunk,0.5118025751072961,0.5118025751072961,0,True,full train set chunked per epoch | validation=dataset_val_split,5820,3724,932,1164,32,30,2,5,,5k-20k,31-100,
twonorm,0.9777027027027028,0.9777027027027028,0.0,0.0,持平,5920,1184,1480,20,2,True,False,False,8,0.0480507134925574,140.46624064445496,30,1,epoch_chunk,0.977195945945946,0.977195945945946,0,True,full train set chunked per epoch | validation=dataset_val_split,7400,4736,1184,1480,20,20,0,2,1.0016229375169057,5k-20k,11-30,
vehicle,0.8764705882352941,0.8764705882352941,0.0,0.0,持平,676,136,170,18,4,True,False,True,17,0.2101029730401933,35.67223834991455,30,1,epoch_chunk,0.9044117647058824,0.9191176470588236,9,True,full train set chunked per epoch | validation=dataset_val_split,846,540,136,170,18,18,0,4,1.0954773869346734,<=1k,11-30,
volkert,0.7511576058995026,0.7511576058995026,0.0,0.0,持平,46648,9330,11662,180,10,False,False,False,0,,0.0,0,0,,,,0,False,TTT skipped for dataset=volkert to avoid OOM,58310,37318,9330,11662,180,180,0,10,9.409257898603968,20k-100k,101-300,
walking-activity,0.6750929119094653,0.6750929119094653,0.0,0.0,持平,119465,23893,29867,4,22,False,False,False,0,,0.717299222946167,0,0,epoch_chunk,,,0,False,full train set chunked per epoch | validation=dataset_val_split | TTT training skipped because n_classes=22 exceeds model max_classes=10,149332,95572,23893,29867,4,4,0,22,,>100k,<=10,
wall-robot-navigation,0.9935897435897436,0.9935897435897436,0.0,0.0,持平,4364,873,1092,24,4,True,False,True,11,0.0299596265540458,139.37115240097046,30,1,epoch_chunk,0.983963344788087,0.9851088201603666,3,True,full train set chunked per epoch | validation=dataset_val_split,5456,3491,873,1092,24,24,0,4,6.722560975609756,5k-20k,11-30,
water_quality,0.911875,0.911875,0.0,0.0,持平,6396,1280,1600,20,2,True,False,False,8,0.2400781228207051,146.618825674057,30,1,epoch_chunk,0.89609375,0.89609375,0,True,full train set chunked per epoch | validation=dataset_val_split,7996,5116,1280,1600,20,20,0,2,,5k-20k,11-30,
waveform_database_generator_version_1,0.871,0.871,0.0,0.0,持平,4000,800,1000,21,3,True,False,False,8,0.2614504313096404,85.49048280715942,30,1,epoch_chunk,0.85875,0.85875,0,True,full train set chunked per epoch | validation=dataset_val_split,5000,3200,800,1000,21,21,0,3,,1k-5k,11-30,
website_phishing,0.92619926199262,0.92619926199262,0.0,0.0,持平,1082,217,271,9,3,True,False,False,8,0.1908144778572023,18.60886693000793,30,1,epoch_chunk,0.9216589861751152,0.9216589861751152,0,True,full train set chunked per epoch | validation=dataset_val_split,1353,865,217,271,9,0,9,3,,1k-5k,<=10,
wine,0.786692759295499,0.786692759295499,0.0,0.0,持平,2043,409,511,4,2,True,False,False,8,0.4448084514588117,14.853793382644652,30,1,epoch_chunk,0.8312958435207825,0.8312958435207825,0,True,full train set chunked per epoch | validation=dataset_val_split,2554,1634,409,511,4,4,0,2,1.0,1k-5k,<=10,
wine-quality-white,0.689795918367347,0.689795918367347,0.0,0.0,持平,3918,784,980,11,7,True,False,False,8,0.7750661801546812,68.10572695732117,30,1,epoch_chunk,0.6875,0.6875,0,True,full train set chunked per epoch | validation=dataset_val_split,4898,3134,784,980,11,11,0,7,439.6,1k-5k,11-30,
BNG(tic-tac-toe),0.8148336296672594,0.8147066294132588,-0.00012700025400058657,-1.0000000000006186,下降,31492,6299,7874,9,2,True,False,False,16,0.44578308891505,1338.7075130939484,30,2,epoch_chunk,0.8088585489760279,0.8088585489760279,0,True,full train set chunked per epoch | validation=dataset_val_split,39366,25193,6299,7874,9,0,9,2,1.8810011709601873,20k-100k,<=10,
eeg-eye-state,0.9939919893190922,0.9936582109479306,-0.00033377837116155273,-1.000000000000012,下降,11984,2397,2996,14,2,True,False,True,9,0.0356047964887693,408.1497888565064,30,1,epoch_chunk,0.9929078014184396,0.9937421777221528,1,True,full train set chunked per epoch | validation=dataset_val_split,14980,9587,2397,2996,14,14,0,2,1.228171947047449,5k-20k,11-30,
mammography,0.989718372820742,0.9892713455520786,-0.0004470272686634136,-1.0000000000000562,下降,8946,1790,2237,6,2,True,False,True,16,0.041713966988027,301.307434797287,30,1,epoch_chunk,0.987709497206704,0.988268156424581,8,True,full train set chunked per epoch | validation=dataset_val_split,11183,7156,1790,2237,6,6,0,2,42.011538461538464,5k-20k,<=10,
mobile_c36_oversampling,0.9943006182380216,0.9938176197836168,-0.0004829984544048038,-4.999999999998529,下降,41408,8282,10352,6,2,True,False,True,24,0.0314653589157387,1946.6710455417635,30,2,epoch_chunk,0.9944457860420188,0.9948080173871046,4,True,full train set chunked per epoch | validation=dataset_val_split,51760,33126,8282,10352,6,6,0,2,,20k-100k,<=10,
Bank_Customer_Churn_Dataset,0.875,0.8745,-0.0004999999999999449,-0.9999999999998899,下降,8000,1600,2000,10,2,True,False,True,12,0.3139172289520502,271.448184967041,30,1,epoch_chunk,0.865,0.869375,4,True,full train set chunked per epoch | validation=dataset_val_split,10000,6400,1600,2000,10,6,4,2,,5k-20k,<=10,
taiwanese_bankruptcy_prediction,0.9714076246334312,0.9706744868035192,-0.0007331378299120228,-0.9999999999999991,下降,5455,1091,1364,95,2,True,False,True,16,0.0874876040033996,620.4687595367432,30,1,epoch_chunk,0.9679193400549956,0.9715857011915674,8,True,full train set chunked per epoch | validation=dataset_val_split,6819,4364,1091,1364,95,95,0,2,,5k-20k,31-100,
pol,0.9940505701536936,0.9930589985126426,-0.0009915716410510145,-1.999999999999896,下降,8065,1613,2017,26,2,True,False,True,16,0.0322630872251465,474.7164912223816,30,1,epoch_chunk,0.9919404835709856,0.9931804091754496,8,True,full train set chunked per epoch | validation=dataset_val_split,10082,6452,1613,2017,26,26,0,2,1.0,5k-20k,11-30,
HR_Analytics_Job_Change_of_Data_Scientists,0.8006263048016702,0.7995824634655533,-0.0010438413361169019,-3.999999999999968,下降,15326,3066,3832,13,2,True,False,True,13,0.4292633756995201,880.822921037674,30,1,epoch_chunk,0.8062622309197651,0.8065883887801696,5,True,full train set chunked per epoch | validation=dataset_val_split,19158,12260,3066,3832,13,3,10,2,,5k-20k,11-30,
Gender_Gap_in_Spanish_WP,0.6147368421052631,0.6136842105263158,-0.001052631578947305,-0.9999999999999398,下降,3796,760,950,13,3,True,False,True,12,0.8009328488260508,101.62232851982117,30,1,epoch_chunk,0.6157894736842106,0.6223684210526316,4,True,full train set chunked per epoch | validation=dataset_val_split,4746,3036,760,950,13,13,0,3,,1k-5k,11-30,
okcupid_stem,0.75,0.7488755622188905,-0.0011244377811094886,-6.000000000000231,下降,21341,4269,5336,13,3,True,False,True,30,0.5802363436669111,3602.3847727775574,30,1,epoch_chunk,0.7519325368938862,0.7554462403373156,22,True,full train set chunked per epoch | validation=dataset_val_split,26677,17072,4269,5336,13,2,11,3,6.826226012793177,20k-100k,11-30,
ringnorm,0.9797297297297296,0.9783783783783784,-0.0013513513513512265,-1.9999999999998153,下降,5920,1184,1480,20,2,True,False,True,11,0.0465884143486619,191.467889547348,30,1,epoch_chunk,0.981418918918919,0.9822635135135136,3,True,full train set chunked per epoch | validation=dataset_val_split,7400,4736,1184,1480,20,20,0,2,1.019650655021834,5k-20k,11-30,
first-order-theorem-proving,0.6511437908496732,0.6495098039215687,-0.0016339869281045694,-1.999999999999993,下降,4894,979,1224,51,6,True,False,True,21,1.1348651684820652,446.7165257930756,30,1,epoch_chunk,0.6302349336057201,0.6363636363636364,13,True,full train set chunked per epoch | validation=dataset_val_split,6118,3915,979,1224,51,51,0,6,5.255144032921811,5k-20k,31-100,
phoneme,0.9037927844588344,0.9019426456984274,-0.0018501387604069608,-1.9999999999999245,下降,4323,865,1081,5,2,True,False,True,9,0.1713339546695351,51.46936702728272,30,1,epoch_chunk,0.9283236994219654,0.930635838150289,1,True,full train set chunked per epoch | validation=dataset_val_split,5404,3458,865,1081,5,5,0,2,2.407313997477932,5k-20k,<=10,
Pumpkin_Seeds,0.882,0.88,-0.0020000000000000018,-1.0000000000000009,下降,2000,400,500,12,2,True,False,True,11,0.2565745422616601,42.72632956504822,30,1,epoch_chunk,0.87,0.8775,3,True,full train set chunked per epoch | validation=dataset_val_split,2500,1600,400,500,12,12,0,2,,1k-5k,11-30,
segment,0.9545454545454546,0.9523809523809524,-0.0021645021645021467,-0.9999999999999918,下降,1848,370,462,17,7,True,False,True,12,0.0855577944312244,47.55790257453919,30,1,epoch_chunk,0.9432432432432432,0.9513513513513514,4,True,full train set chunked per epoch | validation=dataset_val_split,2310,1478,370,462,17,17,0,7,1.0,1k-5k,11-30,
PhishingWebsites,0.9805517865219358,0.9782903663500678,-0.0022614201718679228,-4.999999999999977,下降,8844,1769,2211,30,2,True,False,True,21,0.057934240438044,772.3314237594604,30,1,epoch_chunk,0.9768230638778972,0.979649519502544,13,True,full train set chunked per epoch | validation=dataset_val_split,11055,7075,1769,2211,30,0,30,2,1.2570436913025724,5k-20k,11-30,
FOREX_audcad-hour-High,0.7176269252709641,0.7151169423844838,-0.0025099828864802998,-21.999999999999826,下降,35060,7012,8765,10,2,True,False,True,30,0.5515439976006746,2774.566737174988,30,2,epoch_chunk,0.7164860239589276,0.7174843126069596,7,True,full train set chunked per epoch | validation=dataset_val_split,43825,28048,7012,8765,10,10,0,2,1.0605106022850157,20k-100k,<=10,
FOREX_audjpy-day-High,0.7874659400544959,0.784741144414169,-0.0027247956403269047,-0.999999999999974,下降,1465,293,367,10,2,True,False,True,13,0.4976360062137246,35.93811631202698,30,1,epoch_chunk,0.7542662116040956,0.757679180887372,5,True,full train set chunked per epoch | validation=dataset_val_split,1832,1172,293,367,10,10,0,2,1.0561167227833894,1k-5k,<=10,
GAMETES_Heterogeneity_20atts_1600_Het_0.4_0.2_50_EDM-2_001,0.684375,0.68125,-0.0031249999999999334,-0.9999999999999787,下降,1280,256,320,20,2,True,False,True,17,0.491425615735352,51.70523285865784,30,1,epoch_chunk,0.66796875,0.6796875,9,True,full train set chunked per epoch | validation=dataset_val_split,1600,1024,256,320,20,0,20,2,1.0,1k-5k,11-30,
Fitness_Club_c,0.8033333333333333,0.8,-0.0033333333333332993,-0.9999999999999898,下降,1200,240,300,6,2,True,False,True,10,0.4508652407675981,17.75402808189392,30,1,epoch_chunk,0.7666666666666667,0.775,2,True,full train set chunked per epoch | validation=dataset_val_split,1500,960,240,300,6,3,3,2,,1k-5k,<=10,
heloc,0.733,0.729,-0.0040000000000000036,-8.000000000000007,下降,8000,1600,2000,22,2,True,False,True,17,0.5416868440806866,473.91660809516907,30,1,epoch_chunk,0.72375,0.725,9,True,full train set chunked per epoch | validation=dataset_val_split,10000,6400,1600,2000,22,22,0,2,1.0,5k-20k,11-30,
Water_Quality_and_Potability,0.6570121951219512,0.6524390243902439,-0.004573170731707266,-2.9999999999999662,下降,2620,524,656,8,2,True,False,True,14,0.646893534809351,67.92489433288574,30,1,epoch_chunk,0.6412213740458015,0.6450381679389313,6,True,full train set chunked per epoch | validation=dataset_val_split,3276,2096,524,656,8,8,0,2,,1k-5k,<=10,
QSAR_biodegradation,0.8909952606635071,0.8862559241706162,-0.004739336492890933,-0.9999999999999869,下降,843,169,211,41,2,True,False,True,9,0.2890466507524252,30.177149057388306,30,1,epoch_chunk,0.863905325443787,0.8698224852071006,1,True,full train set chunked per epoch | validation=dataset_val_split,1054,674,169,211,41,41,0,2,,1k-5k,31-100,
wine-quality-red,0.68125,0.675,-0.006249999999999978,-1.999999999999993,下降,1279,256,320,4,6,True,False,True,9,0.7830860875546932,20.45063853263855,30,1,epoch_chunk,0.65625,0.66015625,1,True,full train set chunked per epoch | validation=dataset_val_split,1599,1023,256,320,4,4,0,6,68.1,1k-5k,<=10,
yeast,0.6363636363636364,0.6296296296296297,-0.006734006734006703,-1.999999999999991,下降,1187,238,297,8,10,True,False,True,27,0.9691375717520714,61.84315061569214,30,1,epoch_chunk,0.5546218487394958,0.5714285714285714,19,True,full train set chunked per epoch | validation=dataset_val_split,1484,949,238,297,8,8,0,10,92.6,1k-5k,<=10,
cmc,0.6033898305084746,0.5966101694915255,-0.006779661016949157,-2.0000000000000013,下降,1178,236,295,9,3,True,False,True,13,0.8889579363167286,30.926034688949585,30,1,epoch_chunk,0.5466101694915254,0.5508474576271186,5,True,full train set chunked per epoch | validation=dataset_val_split,1473,942,236,295,9,2,7,3,1.8888888888888888,1k-5k,<=10,
led24,0.734375,0.725,-0.009375000000000022,-6.000000000000014,下降,2560,512,640,24,10,True,False,True,26,0.8349487148225307,171.85099005699158,30,1,epoch_chunk,0.71484375,0.728515625,18,True,full train set chunked per epoch | validation=dataset_val_split,3200,2048,512,640,24,0,24,10,1.1385135135135136,1k-5k,11-30,
contraceptive_method_choice,0.6372881355932203,0.6271186440677966,-0.01016949152542368,-2.9999999999999853,下降,1178,236,295,9,3,True,False,True,16,0.899819802492857,37.942445039749146,30,1,epoch_chunk,0.538135593220339,0.5423728813559322,8,True,full train set chunked per epoch | validation=dataset_val_split,1473,942,236,295,9,5,4,3,,1k-5k,<=10,
autoUniv-au4-2500,0.728,0.714,-0.014000000000000012,-7.000000000000006,下降,2000,400,500,100,3,True,False,True,12,0.747098796069622,150.13392519950867,30,1,epoch_chunk,0.7075,0.72,4,True,full train set chunked per epoch | validation=dataset_val_split,2500,1600,400,500,100,58,42,3,5.98469387755102,1k-5k,31-100,
FOREX_cadjpy-day-High,0.7275204359673024,0.7111716621253406,-0.016348773841961872,-6.000000000000007,下降,1467,294,367,10,2,True,False,True,24,0.5241256896406412,65.27438688278198,30,1,epoch_chunk,0.7006802721088435,0.7210884353741497,16,True,full train set chunked per epoch | validation=dataset_val_split,1834,1173,294,367,10,10,0,2,1.0065645514223194,1k-5k,<=10,
