dataset_name,dataset_dir,task_type,n_train,n_val,n_test,n_features,n_classes,accuracy,fit_seconds,predict_seconds,status,error,causal_shuffle_n_features,causal_shuffle_feature_indices,causal_selector_seconds,causal_selector_status,causal_graph_png,causal_graph_json
ASP-POTASSCO-classification,/home/crc00006699/zh/tabiclv2/data178/ASP-POTASSCO-classification,multiclass,1035,207,259,141,11,0.4555984555984556,0.9268171787261964,3.43222451210022,ok,,6,"0,3,20,23,47,140",0.1145367622375488,ok selected=6 candidates=128 samples=1035,baseline/iclv1.1_casual_ensmble32/causal_graphs/ASP-POTASSCO-classification.png,baseline/iclv1.1_casual_ensmble32/causal_graphs/ASP-POTASSCO-classification.json
BNG(breast-w),/home/crc00006699/zh/tabiclv2/data178/BNG(breast-w),binclass,31492,6299,7874,9,2,0.9884429768859536,0.7487943172454834,14.251391649246216,ok,,6,"0,1,2,5,6,7",0.1295621395111084,ok selected=6 candidates=9 samples=5000,baseline/iclv1.1_casual_ensmble32/causal_graphs/BNG_breast-w.png,baseline/iclv1.1_casual_ensmble32/causal_graphs/BNG_breast-w.json
Bank_Customer_Churn_Dataset,/home/crc00006699/zh/tabiclv2/data178/Bank_Customer_Churn_Dataset,binclass,8000,1600,2000,10,2,0.875,0.5890941619873047,1.6680951118469238,ok,,5,"2,3,5,7,8",0.0224766731262207,ok selected=5 candidates=10 samples=5000,baseline/iclv1.1_casual_ensmble32/causal_graphs/Bank_Customer_Churn_Dataset.png,baseline/iclv1.1_casual_ensmble32/causal_graphs/Bank_Customer_Churn_Dataset.json
Cardiovascular-Disease-dataset,/home/crc00006699/zh/tabiclv2/data178/Cardiovascular-Disease-dataset,binclass,56000,11200,14000,11,2,0.7348571428571429,0.8770492076873779,39.71600413322449,ok,,6,"1,4,6,8,9,10",0.0442163944244384,ok selected=6 candidates=11 samples=5000,baseline/iclv1.1_casual_ensmble32/causal_graphs/Cardiovascular-Disease-dataset.png,baseline/iclv1.1_casual_ensmble32/causal_graphs/Cardiovascular-Disease-dataset.json
Customer_Personality_Analysis,/home/crc00006699/zh/tabiclv2/data178/Customer_Personality_Analysis,binclass,1792,359,448,24,2,0.8794642857142857,0.529433012008667,0.7019383907318115,ok,,9,"5,6,7,9,18,19,20,21,22",0.116138219833374,ok selected=9 candidates=24 samples=1792,baseline/iclv1.1_casual_ensmble32/causal_graphs/Customer_Personality_Analysis.png,baseline/iclv1.1_casual_ensmble32/causal_graphs/Customer_Personality_Analysis.json
Employee,/home/crc00006699/zh/tabiclv2/data178/Employee,binclass,3722,745,931,8,2,0.8560687432867884,0.427600622177124,0.7409062385559082,ok,,6,"1,2,3,4,5,6",0.0422406196594238,ok selected=6 candidates=8 samples=3722,baseline/iclv1.1_casual_ensmble32/causal_graphs/Employee.png,baseline/iclv1.1_casual_ensmble32/causal_graphs/Employee.json
FOREX_audcad-hour-High,/home/crc00006699/zh/tabiclv2/data178/FOREX_audcad-hour-High,binclass,35060,7012,8765,10,2,0.711123787792356,0.6320145130157471,8.61989450454712,ok,,3,"0,5,9",0.0064291954040527,ok selected=3 candidates=10 samples=5000,baseline/iclv1.1_casual_ensmble32/causal_graphs/FOREX_audcad-hour-High.png,baseline/iclv1.1_casual_ensmble32/causal_graphs/FOREX_audcad-hour-High.json
FOREX_audjpy-hour-High,/home/crc00006699/zh/tabiclv2/data178/FOREX_audjpy-hour-High,binclass,35060,7012,8765,10,2,0.7062179121505989,0.5969276428222656,8.700358867645264,ok,,3,"3,4,9",0.0039741992950439,ok selected=3 candidates=10 samples=5000,baseline/iclv1.1_casual_ensmble32/causal_graphs/FOREX_audjpy-hour-High.png,baseline/iclv1.1_casual_ensmble32/causal_graphs/FOREX_audjpy-hour-High.json
FOREX_cadjpy-day-High,/home/crc00006699/zh/tabiclv2/data178/FOREX_cadjpy-day-High,binclass,1467,294,367,10,2,0.7247956403269755,0.3744597434997558,0.2269093990325927,ok,,3,"0,4,9",0.0019006729125976,ok selected=3 candidates=10 samples=1467,baseline/iclv1.1_casual_ensmble32/causal_graphs/FOREX_cadjpy-day-High.png,baseline/iclv1.1_casual_ensmble32/causal_graphs/FOREX_cadjpy-day-High.json
Fitness_Club_c,/home/crc00006699/zh/tabiclv2/data178/Fitness_Club_c,binclass,1200,240,300,6,2,0.7866666666666666,0.3708047866821289,0.1270742416381836,ok,,3,"1,3,4",0.0011568069458007,ok selected=3 candidates=6 samples=1200,baseline/iclv1.1_casual_ensmble32/causal_graphs/Fitness_Club_c.png,baseline/iclv1.1_casual_ensmble32/causal_graphs/Fitness_Club_c.json
Gender_Gap_in_Spanish_WP,/home/crc00006699/zh/tabiclv2/data178/Gender_Gap_in_Spanish_WP,multiclass,3796,760,950,13,3,0.6094736842105263,0.4002764225006103,0.6856880187988281,ok,,3,"1,6,12",0.0122663974761962,ok selected=3 candidates=13 samples=3796,baseline/iclv1.1_casual_ensmble32/causal_graphs/Gender_Gap_in_Spanish_WP.png,baseline/iclv1.1_casual_ensmble32/causal_graphs/Gender_Gap_in_Spanish_WP.json
IBM_HR_Analytics_Employee_Attrition_and_Performance,/home/crc00006699/zh/tabiclv2/data178/IBM_HR_Analytics_Employee_Attrition_and_Performance,binclass,1176,236,294,31,2,0.8707482993197279,0.5605998039245605,0.4964118003845215,ok,,11,"4,5,7,8,9,12,14,16,24,26,30",0.1484773159027099,ok selected=11 candidates=31 samples=1176,baseline/iclv1.1_casual_ensmble32/causal_graphs/IBM_HR_Analytics_Employee_Attrition_and_Performance.png,baseline/iclv1.1_casual_ensmble32/causal_graphs/IBM_HR_Analytics_Employee_Attrition_and_Performance.json
JapaneseVowels,/home/crc00006699/zh/tabiclv2/data178/JapaneseVowels,multiclass,7968,1594,1993,14,9,0.9989964877069744,0.5267932415008545,2.642625331878662,ok,,5,"2,4,7,11,13",0.0869240760803222,ok selected=5 candidates=14 samples=5000,baseline/iclv1.1_casual_ensmble32/causal_graphs/JapaneseVowels.png,baseline/iclv1.1_casual_ensmble32/causal_graphs/JapaneseVowels.json
MagicTelescope,/home/crc00006699/zh/tabiclv2/data178/MagicTelescope,binclass,15216,3044,3804,9,2,0.8856466876971609,0.4819419384002685,3.8801732063293457,ok,,5,"0,1,4,5,7",0.025627851486206,ok selected=5 candidates=9 samples=5000,baseline/iclv1.1_casual_ensmble32/causal_graphs/MagicTelescope.png,baseline/iclv1.1_casual_ensmble32/causal_graphs/MagicTelescope.json
National_Health_and_Nutrition_Health_Survey,/home/crc00006699/zh/tabiclv2/data178/National_Health_and_Nutrition_Health_Survey,binclass,1822,365,456,7,2,0.8399122807017544,0.3734631538391113,0.2615060806274414,ok,,4,"1,3,5,6",0.006397008895874,ok selected=4 candidates=7 samples=1822,baseline/iclv1.1_casual_ensmble32/causal_graphs/National_Health_and_Nutrition_Health_Survey.png,baseline/iclv1.1_casual_ensmble32/causal_graphs/National_Health_and_Nutrition_Health_Survey.json
Pima_Indians_Diabetes_Database,/home/crc00006699/zh/tabiclv2/data178/Pima_Indians_Diabetes_Database,binclass,614,123,154,8,2,0.7402597402597403,0.3767731189727783,0.205291748046875,ok,,4,"0,1,5,6",0.0087954998016357,ok selected=4 candidates=8 samples=614,baseline/iclv1.1_casual_ensmble32/causal_graphs/Pima_Indians_Diabetes_Database.png,baseline/iclv1.1_casual_ensmble32/causal_graphs/Pima_Indians_Diabetes_Database.json
QSAR_biodegradation,/home/crc00006699/zh/tabiclv2/data178/QSAR_biodegradation,binclass,843,169,211,41,2,0.8767772511848341,0.6938748359680176,0.6354570388793945,ok,,7,"2,12,13,21,32,33,39",0.0936057567596435,ok selected=7 candidates=41 samples=843,baseline/iclv1.1_casual_ensmble32/causal_graphs/QSAR_biodegradation.png,baseline/iclv1.1_casual_ensmble32/causal_graphs/QSAR_biodegradation.json
Satellite,/home/crc00006699/zh/tabiclv2/data178/Satellite,binclass,4080,816,1020,36,2,0.9931372549019608,0.5004971027374268,0.6629714965820312,ok,,3,"1,15,17",0.0402398109436035,ok selected=3 candidates=36 samples=4080,baseline/iclv1.1_casual_ensmble32/causal_graphs/Satellite.png,baseline/iclv1.1_casual_ensmble32/causal_graphs/Satellite.json
Water_Quality_and_Potability,/home/crc00006699/zh/tabiclv2/data178/Water_Quality_and_Potability,binclass,2620,524,656,8,2,0.6478658536585366,0.3394660949707031,0.2775368690490722,ok,,3,"2,3,5",0.0018250942230224,ok selected=3 candidates=8 samples=2620,baseline/iclv1.1_casual_ensmble32/causal_graphs/Water_Quality_and_Potability.png,baseline/iclv1.1_casual_ensmble32/causal_graphs/Water_Quality_and_Potability.json
accelerometer,/home/crc00006699/zh/tabiclv2/data178/accelerometer,multiclass,122403,24481,30601,4,4,0.7400084964543643,0.6993193626403809,170.8013277053833,ok,,3,"0,1,3",0.0040080547332763,ok selected=3 candidates=4 samples=5000,baseline/iclv1.1_casual_ensmble32/causal_graphs/accelerometer.png,baseline/iclv1.1_casual_ensmble32/causal_graphs/accelerometer.json
ada_prior,/home/crc00006699/zh/tabiclv2/data178/ada_prior,binclass,3649,730,913,14,2,0.8400876232201533,0.5360705852508545,1.1699070930480957,ok,,8,"2,4,6,8,10,11,12,13",0.1311461925506591,ok selected=8 candidates=14 samples=3649,baseline/iclv1.1_casual_ensmble32/causal_graphs/ada_prior.png,baseline/iclv1.1_casual_ensmble32/causal_graphs/ada_prior.json
allrep,/home/crc00006699/zh/tabiclv2/data178/allrep,multiclass,3017,604,755,29,4,0.9788079470198676,0.4245853424072265,0.8799002170562744,ok,,3,"1,8,22",0.0091657638549804,ok selected=3 candidates=29 samples=3017,baseline/iclv1.1_casual_ensmble32/causal_graphs/allrep.png,baseline/iclv1.1_casual_ensmble32/causal_graphs/allrep.json
autoUniv-au4-2500,/home/crc00006699/zh/tabiclv2/data178/autoUniv-au4-2500,multiclass,2000,400,500,100,3,0.516,0.5964419841766357,1.507793664932251,ok,,5,"20,46,49,50,93",0.0389142036437988,ok selected=5 candidates=100 samples=2000,baseline/iclv1.1_casual_ensmble32/causal_graphs/autoUniv-au4-2500.png,baseline/iclv1.1_casual_ensmble32/causal_graphs/autoUniv-au4-2500.json
banknote_authentication,/home/crc00006699/zh/tabiclv2/data178/banknote_authentication,binclass,1097,220,275,4,2,0.5490909090909091,0.3304686546325683,0.1315762996673584,ok,,3,"1,2,3",0.0008656978607177,ok selected=3 candidates=4 samples=1097,baseline/iclv1.1_casual_ensmble32/causal_graphs/banknote_authentication.png,baseline/iclv1.1_casual_ensmble32/causal_graphs/banknote_authentication.json
churn,/home/crc00006699/zh/tabiclv2/data178/churn,binclass,4000,800,1000,20,2,0.952,0.4913549423217773,1.2898719310760498,ok,,8,"1,2,3,10,13,16,18,19",0.0972568988800048,ok selected=8 candidates=20 samples=4000,baseline/iclv1.1_casual_ensmble32/causal_graphs/churn.png,baseline/iclv1.1_casual_ensmble32/causal_graphs/churn.json
compass,/home/crc00006699/zh/tabiclv2/data178/compass,binclass,13315,2663,3329,17,2,0.8323820967257435,0.6456680297851562,5.410771369934082,ok,,8,"0,4,7,12,13,14,15,16",0.1336925029754638,ok selected=8 candidates=17 samples=5000,baseline/iclv1.1_casual_ensmble32/causal_graphs/compass.png,baseline/iclv1.1_casual_ensmble32/causal_graphs/compass.json
customer_satisfaction_in_airline,/home/crc00006699/zh/tabiclv2/data178/customer_satisfaction_in_airline,binclass,103904,20781,25976,21,2,0.9613874345549738,2.656825304031372,254.60571599006653,ok,,10,"0,2,5,8,9,10,11,12,14,19",0.3558216094970703,ok selected=10 candidates=21 samples=5000,baseline/iclv1.1_casual_ensmble32/causal_graphs/customer_satisfaction_in_airline.png,baseline/iclv1.1_casual_ensmble32/causal_graphs/customer_satisfaction_in_airline.json
delta_ailerons,/home/crc00006699/zh/tabiclv2/data178/delta_ailerons,binclass,5703,1141,1426,5,2,0.9509116409537168,0.3824810981750488,0.6689186096191406,ok,,3,"0,2,3",0.0049779415130615,ok selected=3 candidates=5 samples=5000,baseline/iclv1.1_casual_ensmble32/causal_graphs/delta_ailerons.png,baseline/iclv1.1_casual_ensmble32/causal_graphs/delta_ailerons.json
drug_consumption,/home/crc00006699/zh/tabiclv2/data178/drug_consumption,multiclass,1507,302,377,12,7,0.403183023872679,0.3503029346466064,0.4517505168914795,ok,,3,"2,9,11",0.002155065536499,ok selected=3 candidates=12 samples=1507,baseline/iclv1.1_casual_ensmble32/causal_graphs/drug_consumption.png,baseline/iclv1.1_casual_ensmble32/causal_graphs/drug_consumption.json
electricity,/home/crc00006699/zh/tabiclv2/data178/electricity,binclass,36249,7250,9063,8,2,0.9032329250799956,0.6015572547912598,9.03639006614685,ok,,3,"0,3,4",0.0104656219482421,ok selected=3 candidates=8 samples=5000,baseline/iclv1.1_casual_ensmble32/causal_graphs/electricity.png,baseline/iclv1.1_casual_ensmble32/causal_graphs/electricity.json
eye_movements_bin,/home/crc00006699/zh/tabiclv2/data178/eye_movements_bin,binclass,6086,1218,1522,20,2,0.6182654402102497,0.4618594646453857,1.1028685569763184,ok,,4,"6,14,18,19",0.0221631526947021,ok selected=4 candidates=20 samples=5000,baseline/iclv1.1_casual_ensmble32/causal_graphs/eye_movements_bin.png,baseline/iclv1.1_casual_ensmble32/causal_graphs/eye_movements_bin.json
gina_agnostic,/home/crc00006699/zh/tabiclv2/data178/gina_agnostic,binclass,2774,555,694,970,2,0.899135446685879,5.099088191986084,111.6309506893158,ok,,60,"6,32,50,75,82,92,142,153,157,162,167,183,184,235,240,245,250,254,265,296,330,366,380,382,402,420,423,440,442,482,488,501,532,537,573,590,627,647,668,674,705,706,728,735,753,757,778,814,826,830,835,856,861,876,899,907,908,920,921,938",2.32483172416687,ok selected=60 candidates=128 samples=2774,baseline/iclv1.1_casual_ensmble32/causal_graphs/gina_agnostic.png,baseline/iclv1.1_casual_ensmble32/causal_graphs/gina_agnostic.json
hill-valley,/home/crc00006699/zh/tabiclv2/data178/hill-valley,binclass,969,194,243,100,2,0.9012345679012346,0.5069220066070557,0.368910551071167,ok,,3,"36,77,84",0.0193231105804443,ok selected=3 candidates=100 samples=969,baseline/iclv1.1_casual_ensmble32/causal_graphs/hill-valley.png,baseline/iclv1.1_casual_ensmble32/causal_graphs/hill-valley.json
ibm-employee-performance,/home/crc00006699/zh/tabiclv2/data178/ibm-employee-performance,binclass,1176,236,294,30,2,1.0,0.3876576423645019,0.205198049545288,ok,,3,"0,20,27",0.0046257972717285,ok selected=3 candidates=30 samples=1176,baseline/iclv1.1_casual_ensmble32/causal_graphs/ibm-employee-performance.png,baseline/iclv1.1_casual_ensmble32/causal_graphs/ibm-employee-performance.json
internet_usage,/home/crc00006699/zh/tabiclv2/data178/internet_usage,multiclass,8086,1618,2022,70,46,0.5182987141444114,1.3714067935943604,9.590139865875244,ok,,14,"0,10,19,20,21,27,32,37,38,60,64,65,66,69",0.4929254055023193,ok selected=14 candidates=70 samples=5000,baseline/iclv1.1_casual_ensmble32/causal_graphs/internet_usage.png,baseline/iclv1.1_casual_ensmble32/causal_graphs/internet_usage.json
kc1,/home/crc00006699/zh/tabiclv2/data178/kc1,binclass,1687,338,422,21,2,0.8767772511848341,0.3871779441833496,0.3383855819702148,ok,,3,"2,16,17",0.0180006027221679,ok selected=3 candidates=21 samples=1687,baseline/iclv1.1_casual_ensmble32/causal_graphs/kc1.png,baseline/iclv1.1_casual_ensmble32/causal_graphs/kc1.json
kropt,/home/crc00006699/zh/tabiclv2/data178/kropt,multiclass,22444,4489,5612,6,18,0.8526372059871703,0.4831206798553467,23.82616877555847,ok,,3,"0,1,5",0.0063045024871826,ok selected=3 candidates=6 samples=5000,baseline/iclv1.1_casual_ensmble32/causal_graphs/kropt.png,baseline/iclv1.1_casual_ensmble32/causal_graphs/kropt.json
letter,/home/crc00006699/zh/tabiclv2/data178/letter,multiclass,16000,3200,4000,15,26,0.98425,0.6709136962890625,16.163605213165283,ok,,8,"5,6,8,9,10,11,12,14",0.164623737335205,ok selected=8 candidates=15 samples=5000,baseline/iclv1.1_casual_ensmble32/causal_graphs/letter.png,baseline/iclv1.1_casual_ensmble32/causal_graphs/letter.json
maternal_health_risk,/home/crc00006699/zh/tabiclv2/data178/maternal_health_risk,multiclass,811,163,203,6,3,0.8719211822660099,0.3566861152648926,0.3094234466552734,ok,,3,"0,2,3",0.0028378963470458,ok selected=3 candidates=6 samples=811,baseline/iclv1.1_casual_ensmble32/causal_graphs/maternal_health_risk.png,baseline/iclv1.1_casual_ensmble32/causal_graphs/maternal_health_risk.json
mfeat-karhunen,/home/crc00006699/zh/tabiclv2/data178/mfeat-karhunen,multiclass,1600,320,400,64,10,0.975,0.8341593742370605,1.001554250717163,ok,,16,"1,5,6,7,9,10,11,13,14,18,26,28,33,37,53,61",0.4028961658477783,ok selected=16 candidates=64 samples=1600,baseline/iclv1.1_casual_ensmble32/causal_graphs/mfeat-karhunen.png,baseline/iclv1.1_casual_ensmble32/causal_graphs/mfeat-karhunen.json
mfeat-zernike,/home/crc00006699/zh/tabiclv2/data178/mfeat-zernike,multiclass,1600,320,400,47,10,0.8825,0.5185959339141846,0.8457190990447998,ok,,6,"4,18,20,23,28,38",0.1156113147735595,ok selected=6 candidates=47 samples=1600,baseline/iclv1.1_casual_ensmble32/causal_graphs/mfeat-zernike.png,baseline/iclv1.1_casual_ensmble32/causal_graphs/mfeat-zernike.json
mobile_c36_oversampling,/home/crc00006699/zh/tabiclv2/data178/mobile_c36_oversampling,binclass,41408,8282,10352,6,2,0.990533230293663,0.4879372119903564,11.10163402557373,ok,,3,"0,1,5",0.005580186843872,ok selected=3 candidates=6 samples=5000,baseline/iclv1.1_casual_ensmble32/causal_graphs/mobile_c36_oversampling.png,baseline/iclv1.1_casual_ensmble32/causal_graphs/mobile_c36_oversampling.json
national-longitudinal-survey-binary,/home/crc00006699/zh/tabiclv2/data178/national-longitudinal-survey-binary,binclass,3926,786,982,16,2,0.9989816700610998,0.4131515026092529,0.6532976627349854,ok,,4,"1,6,8,15",0.0314595699310302,ok selected=4 candidates=16 samples=3926,baseline/iclv1.1_casual_ensmble32/causal_graphs/national-longitudinal-survey-binary.png,baseline/iclv1.1_casual_ensmble32/causal_graphs/national-longitudinal-survey-binary.json
one-hundred-plants-shape,/home/crc00006699/zh/tabiclv2/data178/one-hundred-plants-shape,multiclass,1280,256,320,64,100,0.7875,0.4475598335266113,3.4974584579467773,ok,,3,"31,32,33",0.0209810733795166,ok selected=3 candidates=64 samples=1280,baseline/iclv1.1_casual_ensmble32/causal_graphs/one-hundred-plants-shape.png,baseline/iclv1.1_casual_ensmble32/causal_graphs/one-hundred-plants-shape.json
optdigits,/home/crc00006699/zh/tabiclv2/data178/optdigits,multiclass,4496,900,1124,64,10,0.9955516014234876,1.1662530899047852,2.509796380996704,ok,,16,"5,12,14,25,27,28,29,33,35,37,51,52,53,60,62,63",0.6188144683837891,ok selected=16 candidates=64 samples=4496,baseline/iclv1.1_casual_ensmble32/causal_graphs/optdigits.png,baseline/iclv1.1_casual_ensmble32/causal_graphs/optdigits.json
pc1,/home/crc00006699/zh/tabiclv2/data178/pc1,binclass,887,178,222,21,2,0.9414414414414416,0.3678340911865234,0.2607169151306152,ok,,3,"13,14,17",0.0157439708709716,ok selected=3 candidates=21 samples=887,baseline/iclv1.1_casual_ensmble32/causal_graphs/pc1.png,baseline/iclv1.1_casual_ensmble32/causal_graphs/pc1.json
pendigits,/home/crc00006699/zh/tabiclv2/data178/pendigits,multiclass,8793,1759,2199,16,10,0.9968167348794906,0.5822386741638184,3.102745771408081,ok,,7,"0,1,2,5,8,12,13",0.150247573852539,ok selected=7 candidates=16 samples=5000,baseline/iclv1.1_casual_ensmble32/causal_graphs/pendigits.png,baseline/iclv1.1_casual_ensmble32/causal_graphs/pendigits.json
predict_students_dropout_and_academic_success,/home/crc00006699/zh/tabiclv2/data178/predict_students_dropout_and_academic_success,multiclass,3539,708,885,34,3,0.7536723163841808,0.8006083965301514,1.481102466583252,ok,,11,"1,13,14,15,16,17,21,26,27,28,30",0.3427243232727051,ok selected=11 candidates=34 samples=3539,baseline/iclv1.1_casual_ensmble32/causal_graphs/predict_students_dropout_and_academic_success.png,baseline/iclv1.1_casual_ensmble32/causal_graphs/predict_students_dropout_and_academic_success.json
ringnorm,/home/crc00006699/zh/tabiclv2/data178/ringnorm,binclass,5920,1184,1480,20,2,0.9797297297297296,1.0626819133758545,2.0353031158447266,ok,,9,"2,4,5,7,8,9,13,17,18",0.6479771137237549,ok selected=9 candidates=20 samples=5000,baseline/iclv1.1_casual_ensmble32/causal_graphs/ringnorm.png,baseline/iclv1.1_casual_ensmble32/causal_graphs/ringnorm.json
segment,/home/crc00006699/zh/tabiclv2/data178/segment,multiclass,1848,370,462,17,7,0.9329004329004328,0.377795934677124,0.5909078121185303,ok,,5,"1,3,9,11,12",0.0247027873992919,ok selected=5 candidates=17 samples=1848,baseline/iclv1.1_casual_ensmble32/causal_graphs/segment.png,baseline/iclv1.1_casual_ensmble32/causal_graphs/segment.json
shuttle,/home/crc00006699/zh/tabiclv2/data178/shuttle,multiclass,46400,9280,11600,9,7,0.999396551724138,0.6851334571838379,37.26412749290466,ok,,5,"0,2,4,6,7",0.0332682132720947,ok selected=5 candidates=9 samples=5000,baseline/iclv1.1_casual_ensmble32/causal_graphs/shuttle.png,baseline/iclv1.1_casual_ensmble32/causal_graphs/shuttle.json
sports_articles_for_objectivity_analysis,/home/crc00006699/zh/tabiclv2/data178/sports_articles_for_objectivity_analysis,binclass,800,160,200,59,2,0.845,0.5651698112487793,0.8975691795349121,ok,,8,"7,14,23,30,35,42,43,53",0.1261470317840576,ok selected=8 candidates=59 samples=800,baseline/iclv1.1_casual_ensmble32/causal_graphs/sports_articles_for_objectivity_analysis.png,baseline/iclv1.1_casual_ensmble32/causal_graphs/sports_articles_for_objectivity_analysis.json
sylvine,/home/crc00006699/zh/tabiclv2/data178/sylvine,binclass,4099,820,1025,20,2,0.9619512195121952,0.4168589115142822,0.6585359573364258,ok,,4,"6,8,9,19",0.0169272422790527,ok selected=4 candidates=20 samples=4099,baseline/iclv1.1_casual_ensmble32/causal_graphs/sylvine.png,baseline/iclv1.1_casual_ensmble32/causal_graphs/sylvine.json
texture,/home/crc00006699/zh/tabiclv2/data178/texture,multiclass,4400,880,1100,40,11,1.0,0.6580078601837158,3.927361488342285,ok,,6,"5,14,16,22,30,39",0.1945638656616211,ok selected=6 candidates=40 samples=4400,baseline/iclv1.1_casual_ensmble32/causal_graphs/texture.png,baseline/iclv1.1_casual_ensmble32/causal_graphs/texture.json
thyroid-dis,/home/crc00006699/zh/tabiclv2/data178/thyroid-dis,multiclass,2240,448,560,26,5,0.6910714285714286,0.5943038463592529,0.892134428024292,ok,,11,"0,1,4,7,9,15,16,18,20,22,24",0.2008712291717529,ok selected=11 candidates=26 samples=2240,baseline/iclv1.1_casual_ensmble32/causal_graphs/thyroid-dis.png,baseline/iclv1.1_casual_ensmble32/causal_graphs/thyroid-dis.json
vehicle,/home/crc00006699/zh/tabiclv2/data178/vehicle,multiclass,676,136,170,18,4,0.8705882352941177,0.3652777671813965,0.4198999404907226,ok,,5,"5,7,8,14,17",0.0227525234222412,ok selected=5 candidates=18 samples=676,baseline/iclv1.1_casual_ensmble32/causal_graphs/vehicle.png,baseline/iclv1.1_casual_ensmble32/causal_graphs/vehicle.json
wall-robot-navigation,/home/crc00006699/zh/tabiclv2/data178/wall-robot-navigation,multiclass,4364,873,1092,24,4,0.9816849816849816,0.6608829498291016,1.5005998611450195,ok,,10,"2,5,8,12,14,15,16,18,19,21",0.2472317218780517,ok selected=10 candidates=24 samples=4364,baseline/iclv1.1_casual_ensmble32/causal_graphs/wall-robot-navigation.png,baseline/iclv1.1_casual_ensmble32/causal_graphs/wall-robot-navigation.json
waveform_database_generator,/home/crc00006699/zh/tabiclv2/data178/waveform_database_generator,multiclass,3999,800,1000,21,3,0.346,0.3931035995483398,0.8359568119049072,ok,,3,"6,17,19",0.0052864551544189,ok selected=3 candidates=21 samples=3999,baseline/iclv1.1_casual_ensmble32/causal_graphs/waveform_database_generator.png,baseline/iclv1.1_casual_ensmble32/causal_graphs/waveform_database_generator.json
wine,/home/crc00006699/zh/tabiclv2/data178/wine,binclass,2043,409,511,4,2,0.7729941291585127,0.3303990364074707,0.1909503936767578,ok,,3,"0,1,3",0.0010015964508056,ok selected=3 candidates=4 samples=2043,baseline/iclv1.1_casual_ensmble32/causal_graphs/wine.png,baseline/iclv1.1_casual_ensmble32/causal_graphs/wine.json
yeast,/home/crc00006699/zh/tabiclv2/data178/yeast,multiclass,1187,238,297,8,10,0.6262626262626263,0.3519124984741211,0.3309617042541504,ok,,5,"0,2,3,5,7",0.0165736675262451,ok selected=5 candidates=8 samples=1187,baseline/iclv1.1_casual_ensmble32/causal_graphs/yeast.png,baseline/iclv1.1_casual_ensmble32/causal_graphs/yeast.json
Amazon_employee_access,/home/crc00006699/zh/tabiclv2/data178/Amazon_employee_access,binclass,26215,5243,6554,7,2,0.9444613976197742,0.8184185028076172,6.504315614700317,ok,,3,"2,3,5",0.0031876564025878,ok selected=3 candidates=7 samples=5000,baseline/iclv1.1_casual_ensmble32/causal_graphs/Amazon_employee_access.png,baseline/iclv1.1_casual_ensmble32/causal_graphs/Amazon_employee_access.json
BNG(cmc),/home/crc00006699/zh/tabiclv2/data178/BNG(cmc),multiclass,44236,8848,11060,9,3,0.5863471971066908,0.8211615085601807,34.52566885948181,ok,,6,"0,3,5,6,7,8",0.0519332885742187,ok selected=6 candidates=9 samples=5000,baseline/iclv1.1_casual_ensmble32/causal_graphs/BNG_cmc.png,baseline/iclv1.1_casual_ensmble32/causal_graphs/BNG_cmc.json
Basketball_c,/home/crc00006699/zh/tabiclv2/data178/Basketball_c,binclass,1072,215,268,11,2,0.7052238805970149,0.3865387439727783,0.2289857864379882,ok,,3,"0,1,3",0.0106973648071289,ok selected=3 candidates=11 samples=1072,baseline/iclv1.1_casual_ensmble32/causal_graphs/Basketball_c.png,baseline/iclv1.1_casual_ensmble32/causal_graphs/Basketball_c.json
Click_prediction_small,/home/crc00006699/zh/tabiclv2/data178/Click_prediction_small,binclass,31958,6392,7990,3,2,0.8320400500625782,0.4033539295196533,6.893941640853882,ok,,3,"0,1,2",0.0028684139251708,ok selected=3 candidates=3 samples=5000,baseline/iclv1.1_casual_ensmble32/causal_graphs/Click_prediction_small.png,baseline/iclv1.1_casual_ensmble32/causal_graphs/Click_prediction_small.json
Diabetic_Retinopathy_Debrecen,/home/crc00006699/zh/tabiclv2/data178/Diabetic_Retinopathy_Debrecen,binclass,920,184,231,19,2,0.7532467532467533,0.3729386329650879,0.3186721801757812,ok,,3,"1,3,5",0.0253710746765136,ok selected=3 candidates=19 samples=920,baseline/iclv1.1_casual_ensmble32/causal_graphs/Diabetic_Retinopathy_Debrecen.png,baseline/iclv1.1_casual_ensmble32/causal_graphs/Diabetic_Retinopathy_Debrecen.json
FICO-HELOC-cleaned,/home/crc00006699/zh/tabiclv2/data178/FICO-HELOC-cleaned,binclass,7896,1580,1975,23,2,0.7453164556962025,0.6768698692321777,2.9602982997894287,ok,,9,"2,3,5,6,14,15,16,17,22",0.2093920707702636,ok selected=9 candidates=23 samples=5000,baseline/iclv1.1_casual_ensmble32/causal_graphs/FICO-HELOC-cleaned.png,baseline/iclv1.1_casual_ensmble32/causal_graphs/FICO-HELOC-cleaned.json
FOREX_audchf-day-High,/home/crc00006699/zh/tabiclv2/data178/FOREX_audchf-day-High,binclass,1466,294,367,10,2,0.7493188010899182,0.3448824882507324,0.1954035758972168,ok,,3,"3,4,9",0.001833438873291,ok selected=3 candidates=10 samples=1466,baseline/iclv1.1_casual_ensmble32/causal_graphs/FOREX_audchf-day-High.png,baseline/iclv1.1_casual_ensmble32/causal_graphs/FOREX_audchf-day-High.json
FOREX_audsgd-hour-High,/home/crc00006699/zh/tabiclv2/data178/FOREX_audsgd-hour-High,binclass,35060,7012,8765,10,2,0.6859098687963491,0.6365261077880859,8.964333295822144,ok,,3,"4,5,9",0.0040061473846435,ok selected=3 candidates=10 samples=5000,baseline/iclv1.1_casual_ensmble32/causal_graphs/FOREX_audsgd-hour-High.png,baseline/iclv1.1_casual_ensmble32/causal_graphs/FOREX_audsgd-hour-High.json
FOREX_cadjpy-hour-High,/home/crc00006699/zh/tabiclv2/data178/FOREX_cadjpy-hour-High,binclass,35060,7012,8765,10,2,0.6962920707358814,0.6138186454772949,8.759054899215698,ok,,3,"3,4,9",0.0041759014129638,ok selected=3 candidates=10 samples=5000,baseline/iclv1.1_casual_ensmble32/causal_graphs/FOREX_cadjpy-hour-High.png,baseline/iclv1.1_casual_ensmble32/causal_graphs/FOREX_cadjpy-hour-High.json
GAMETES_Epistasis_2-Way_20atts_0.1H_EDM-1_1,/home/crc00006699/zh/tabiclv2/data178/GAMETES_Epistasis_2-Way_20atts_0.1H_EDM-1_1,binclass,1280,256,320,20,2,0.671875,0.3702147006988525,0.2446882724761963,ok,,3,"6,11,17",0.0032129287719726,ok selected=3 candidates=20 samples=1280,baseline/iclv1.1_casual_ensmble32/causal_graphs/GAMETES_Epistasis_2-Way_20atts_0.1H_EDM-1_1.png,baseline/iclv1.1_casual_ensmble32/causal_graphs/GAMETES_Epistasis_2-Way_20atts_0.1H_EDM-1_1.json
GesturePhaseSegmentationProcessed,/home/crc00006699/zh/tabiclv2/data178/GesturePhaseSegmentationProcessed,multiclass,7898,1580,1975,32,5,0.7827848101265823,0.5956404209136963,3.334660530090332,ok,,5,"24,25,27,30,31",0.0864715576171875,ok selected=5 candidates=32 samples=5000,baseline/iclv1.1_casual_ensmble32/causal_graphs/GesturePhaseSegmentationProcessed.png,baseline/iclv1.1_casual_ensmble32/causal_graphs/GesturePhaseSegmentationProcessed.json
INNHotelsGroup,/home/crc00006699/zh/tabiclv2/data178/INNHotelsGroup,binclass,29020,5804,7255,17,2,0.90144727773949,0.8888759613037109,15.858932495117188,ok,,7,"2,5,8,10,11,15,16",0.1634724140167236,ok selected=7 candidates=17 samples=5000,baseline/iclv1.1_casual_ensmble32/causal_graphs/INNHotelsGroup.png,baseline/iclv1.1_casual_ensmble32/causal_graphs/INNHotelsGroup.json
KDDCup09_upselling,/home/crc00006699/zh/tabiclv2/data178/KDDCup09_upselling,binclass,4102,821,1026,49,2,0.8128654970760234,0.7028427124023438,2.0592145919799805,ok,,8,"7,8,9,11,12,21,39,46",0.1654005050659179,ok selected=8 candidates=49 samples=4102,baseline/iclv1.1_casual_ensmble32/causal_graphs/KDDCup09_upselling.png,baseline/iclv1.1_casual_ensmble32/causal_graphs/KDDCup09_upselling.json
Marketing_Campaign,/home/crc00006699/zh/tabiclv2/data178/Marketing_Campaign,binclass,1792,359,448,27,2,0.8995535714285714,0.4862697124481201,0.645313024520874,ok,,8,"2,4,5,7,11,12,13,16",0.1107411384582519,ok selected=8 candidates=27 samples=1792,baseline/iclv1.1_casual_ensmble32/causal_graphs/Marketing_Campaign.png,baseline/iclv1.1_casual_ensmble32/causal_graphs/Marketing_Campaign.json
PhishingWebsites,/home/crc00006699/zh/tabiclv2/data178/PhishingWebsites,binclass,8844,1769,2211,30,2,0.9787426503844414,0.958143711090088,3.759591817855835,ok,,11,"5,6,7,8,12,13,14,15,25,26,27",0.3860204219818115,ok selected=11 candidates=30 samples=5000,baseline/iclv1.1_casual_ensmble32/causal_graphs/PhishingWebsites.png,baseline/iclv1.1_casual_ensmble32/causal_graphs/PhishingWebsites.json
PizzaCutter3,/home/crc00006699/zh/tabiclv2/data178/PizzaCutter3,binclass,834,167,209,37,2,0.8803827751196173,0.3851265907287597,0.3014240264892578,ok,,3,"0,4,35",0.0158720016479492,ok selected=3 candidates=37 samples=834,baseline/iclv1.1_casual_ensmble32/causal_graphs/PizzaCutter3.png,baseline/iclv1.1_casual_ensmble32/causal_graphs/PizzaCutter3.json
Rain_in_Australia,/home/crc00006699/zh/tabiclv2/data178/Rain_in_Australia,multiclass,116368,23274,29092,18,3,0.8496150144369586,2.038520812988281,164.40531992912292,ok,,4,"5,9,13,14",0.0703494548797607,ok selected=4 candidates=18 samples=5000,baseline/iclv1.1_casual_ensmble32/causal_graphs/Rain_in_Australia.png,baseline/iclv1.1_casual_ensmble32/causal_graphs/Rain_in_Australia.json
Telecom_Churn_Dataset,/home/crc00006699/zh/tabiclv2/data178/Telecom_Churn_Dataset,binclass,2666,534,667,17,2,0.9505247376311844,0.4438419342041015,0.8765034675598145,ok,,7,"0,1,4,9,13,14,16",0.0507771968841552,ok selected=7 candidates=17 samples=2666,baseline/iclv1.1_casual_ensmble32/causal_graphs/Telecom_Churn_Dataset.png,baseline/iclv1.1_casual_ensmble32/causal_graphs/Telecom_Churn_Dataset.json
Wilt,/home/crc00006699/zh/tabiclv2/data178/Wilt,binclass,3856,772,965,5,2,0.9927461139896372,0.3436574935913086,0.3752422332763672,ok,,3,"1,3,4",0.0014891624450683,ok selected=3 candidates=5 samples=3856,baseline/iclv1.1_casual_ensmble32/causal_graphs/Wilt.png,baseline/iclv1.1_casual_ensmble32/causal_graphs/Wilt.json
ada,/home/crc00006699/zh/tabiclv2/data178/ada,binclass,3317,664,830,48,2,0.8518072289156626,0.7964136600494385,1.5991599559783936,ok,,13,"1,7,8,9,14,16,24,31,35,39,41,43,45",0.3590168952941894,ok selected=13 candidates=48 samples=3317,baseline/iclv1.1_casual_ensmble32/causal_graphs/ada.png,baseline/iclv1.1_casual_ensmble32/causal_graphs/ada.json
airlines_seed_0_nrows_2000_nclasses_10_ncols_100_stratify_True,/home/crc00006699/zh/tabiclv2/data178/airlines_seed_0_nrows_2000_nclasses_10_ncols_100_stratify_True,binclass,1600,320,400,7,2,0.625,0.3394277095794678,0.1807813644409179,ok,,3,"0,5,6",0.0014283657073974,ok selected=3 candidates=7 samples=1600,baseline/iclv1.1_casual_ensmble32/causal_graphs/airlines_seed_0_nrows_2000_nclasses_10_ncols_100_stratify_True.png,baseline/iclv1.1_casual_ensmble32/causal_graphs/airlines_seed_0_nrows_2000_nclasses_10_ncols_100_stratify_True.json
analcatdata_authorship,/home/crc00006699/zh/tabiclv2/data178/analcatdata_authorship,multiclass,672,135,169,69,4,0.9881656804733728,0.6753642559051514,0.5056085586547852,ok,,17,"5,8,10,17,20,21,23,29,30,34,38,41,43,52,55,56,59",0.2674629688262939,ok selected=17 candidates=69 samples=672,baseline/iclv1.1_casual_ensmble32/causal_graphs/analcatdata_authorship.png,baseline/iclv1.1_casual_ensmble32/causal_graphs/analcatdata_authorship.json
autoUniv-au7-1100,/home/crc00006699/zh/tabiclv2/data178/autoUniv-au7-1100,multiclass,880,176,220,12,5,0.3681818181818181,0.3578221797943115,0.493328332901001,ok,,6,"0,2,3,4,5,10",0.0163009166717529,ok selected=6 candidates=12 samples=880,baseline/iclv1.1_casual_ensmble32/causal_graphs/autoUniv-au7-1100.png,baseline/iclv1.1_casual_ensmble32/causal_graphs/autoUniv-au7-1100.json
baseball,/home/crc00006699/zh/tabiclv2/data178/baseball,multiclass,1072,215,268,16,3,0.9552238805970148,0.3609559535980224,0.2475285530090332,ok,,3,"7,9,13",0.0157854557037353,ok selected=3 candidates=16 samples=1072,baseline/iclv1.1_casual_ensmble32/causal_graphs/baseball.png,baseline/iclv1.1_casual_ensmble32/causal_graphs/baseball.json
cmc,/home/crc00006699/zh/tabiclv2/data178/cmc,multiclass,1178,236,295,9,3,0.6,0.3463969230651855,0.2615420818328857,ok,,4,"0,6,7,8",0.0088839530944824,ok selected=4 candidates=9 samples=1178,baseline/iclv1.1_casual_ensmble32/causal_graphs/cmc.png,baseline/iclv1.1_casual_ensmble32/causal_graphs/cmc.json
contraceptive_method_choice,/home/crc00006699/zh/tabiclv2/data178/contraceptive_method_choice,multiclass,1178,236,295,9,3,0.6237288135593221,0.343630313873291,0.2172181606292724,ok,,3,"5,7,8",0.0072855949401855,ok selected=3 candidates=9 samples=1178,baseline/iclv1.1_casual_ensmble32/causal_graphs/contraceptive_method_choice.png,baseline/iclv1.1_casual_ensmble32/causal_graphs/contraceptive_method_choice.json
dabetes_130-us_hospitals,/home/crc00006699/zh/tabiclv2/data178/dabetes_130-us_hospitals,binclass,81412,16283,20354,20,2,0.6409059644295961,1.891824722290039,83.73180198669434,ok,,6,"4,11,14,16,18,19",0.0711009502410888,ok selected=6 candidates=20 samples=5000,baseline/iclv1.1_casual_ensmble32/causal_graphs/dabetes_130-us_hospitals.png,baseline/iclv1.1_casual_ensmble32/causal_graphs/dabetes_130-us_hospitals.json
dis,/home/crc00006699/zh/tabiclv2/data178/dis,binclass,3017,604,755,29,2,0.9841059602649008,0.4654889106750488,0.5457367897033691,ok,,3,"1,24,26",0.0087225437164306,ok selected=3 candidates=29 samples=3017,baseline/iclv1.1_casual_ensmble32/causal_graphs/dis.png,baseline/iclv1.1_casual_ensmble32/causal_graphs/dis.json
dry_bean_dataset,/home/crc00006699/zh/tabiclv2/data178/dry_bean_dataset,multiclass,10888,2178,2723,16,7,0.9272860815277268,0.5606496334075928,4.110493183135986,ok,,5,"1,2,4,10,12",0.0811107158660888,ok selected=5 candidates=16 samples=5000,baseline/iclv1.1_casual_ensmble32/causal_graphs/dry_bean_dataset.png,baseline/iclv1.1_casual_ensmble32/causal_graphs/dry_bean_dataset.json
estimation_of_obesity_levels,/home/crc00006699/zh/tabiclv2/data178/estimation_of_obesity_levels,multiclass,1688,338,423,16,7,0.9858156028368794,0.3947672843933105,0.5658719539642334,ok,,6,"1,3,6,8,10,14",0.0384938716888427,ok selected=6 candidates=16 samples=1688,baseline/iclv1.1_casual_ensmble32/causal_graphs/estimation_of_obesity_levels.png,baseline/iclv1.1_casual_ensmble32/causal_graphs/estimation_of_obesity_levels.json
first-order-theorem-proving,/home/crc00006699/zh/tabiclv2/data178/first-order-theorem-proving,multiclass,4894,979,1224,51,6,0.6388888888888888,0.8587806224822998,2.441908359527588,ok,,8,"2,8,9,15,19,28,33,34",0.3331506252288818,ok selected=8 candidates=51 samples=4894,baseline/iclv1.1_casual_ensmble32/causal_graphs/first-order-theorem-proving.png,baseline/iclv1.1_casual_ensmble32/causal_graphs/first-order-theorem-proving.json
golf_play_dataset_extended,/home/crc00006699/zh/tabiclv2/data178/golf_play_dataset_extended,binclass,876,176,219,9,2,0.9315068493150684,0.348517894744873,0.3623130321502685,ok,,5,"3,4,5,7,8",0.0110173225402832,ok selected=5 candidates=9 samples=876,baseline/iclv1.1_casual_ensmble32/causal_graphs/golf_play_dataset_extended.png,baseline/iclv1.1_casual_ensmble32/causal_graphs/golf_play_dataset_extended.json
house_16H,/home/crc00006699/zh/tabiclv2/data178/house_16H,binclass,10790,2158,2698,16,2,0.8921423276501111,0.7200286388397217,4.049725770950317,ok,,8,"2,3,4,9,12,13,14,15",0.2573738098144531,ok selected=8 candidates=16 samples=5000,baseline/iclv1.1_casual_ensmble32/causal_graphs/house_16H.png,baseline/iclv1.1_casual_ensmble32/causal_graphs/house_16H.json
in_vehicle_coupon_recommendation,/home/crc00006699/zh/tabiclv2/data178/in_vehicle_coupon_recommendation,binclass,10147,2030,2537,21,2,0.7875443437130469,0.8165726661682129,3.998108148574829,ok,,10,"0,2,3,4,7,8,11,12,15,18",0.2378556728363037,ok selected=10 candidates=21 samples=5000,baseline/iclv1.1_casual_ensmble32/causal_graphs/in_vehicle_coupon_recommendation.png,baseline/iclv1.1_casual_ensmble32/causal_graphs/in_vehicle_coupon_recommendation.json
jm1,/home/crc00006699/zh/tabiclv2/data178/jm1,binclass,8708,1742,2177,21,2,0.8226917776757005,0.5300173759460449,2.216367244720459,ok,,5,"0,6,9,12,15",0.0637104511260986,ok selected=5 candidates=21 samples=5000,baseline/iclv1.1_casual_ensmble32/causal_graphs/jm1.png,baseline/iclv1.1_casual_ensmble32/causal_graphs/jm1.json
kdd_ipums_la_97-small,/home/crc00006699/zh/tabiclv2/data178/kdd_ipums_la_97-small,binclass,4150,830,1038,20,2,0.8892100192678227,0.5486414432525635,1.3567063808441162,ok,,8,"7,8,10,12,14,16,17,19",0.1622998714447021,ok selected=8 candidates=20 samples=4150,baseline/iclv1.1_casual_ensmble32/causal_graphs/kdd_ipums_la_97-small.png,baseline/iclv1.1_casual_ensmble32/causal_graphs/kdd_ipums_la_97-small.json
led24,/home/crc00006699/zh/tabiclv2/data178/led24,multiclass,2560,512,640,24,10,0.7375,0.4376976490020752,0.897700309753418,ok,,6,"0,1,3,4,5,11",0.0377769470214843,ok selected=6 candidates=24 samples=2560,baseline/iclv1.1_casual_ensmble32/causal_graphs/led24.png,baseline/iclv1.1_casual_ensmble32/causal_graphs/led24.json
madeline,/home/crc00006699/zh/tabiclv2/data178/madeline,binclass,2512,503,628,259,2,0.643312101910828,1.1096980571746826,4.684240102767944,ok,,10,"89,113,118,135,140,142,192,203,213,237",0.2347323894500732,ok selected=10 candidates=128 samples=2512,baseline/iclv1.1_casual_ensmble32/causal_graphs/madeline.png,baseline/iclv1.1_casual_ensmble32/causal_graphs/madeline.json
mfeat-factors,/home/crc00006699/zh/tabiclv2/data178/mfeat-factors,multiclass,1600,320,400,216,10,0.97,1.0313060283660889,2.660796880722046,ok,,11,"0,13,33,59,70,82,98,111,137,177,208",0.3766920566558838,ok selected=11 candidates=128 samples=1600,baseline/iclv1.1_casual_ensmble32/causal_graphs/mfeat-factors.png,baseline/iclv1.1_casual_ensmble32/causal_graphs/mfeat-factors.json
mfeat-morphological,/home/crc00006699/zh/tabiclv2/data178/mfeat-morphological,multiclass,1600,320,400,6,10,0.7575,0.3432016372680664,0.410895824432373,ok,,3,"2,3,4",0.0037260055541992,ok selected=3 candidates=6 samples=1600,baseline/iclv1.1_casual_ensmble32/causal_graphs/mfeat-morphological.png,baseline/iclv1.1_casual_ensmble32/causal_graphs/mfeat-morphological.json
mice_protein_expression,/home/crc00006699/zh/tabiclv2/data178/mice_protein_expression,multiclass,864,173,216,75,8,1.0,0.5107371807098389,0.6871938705444336,ok,,7,"30,32,41,46,56,58,71",0.0944697856903076,ok selected=7 candidates=75 samples=864,baseline/iclv1.1_casual_ensmble32/causal_graphs/mice_protein_expression.png,baseline/iclv1.1_casual_ensmble32/causal_graphs/mice_protein_expression.json
mozilla4,/home/crc00006699/zh/tabiclv2/data178/mozilla4,binclass,12436,2488,3109,4,2,0.9401736892891605,0.3828473091125488,2.023508310317993,ok,,4,"0,1,2,3",0.010798692703247,ok selected=4 candidates=4 samples=5000,baseline/iclv1.1_casual_ensmble32/causal_graphs/mozilla4.png,baseline/iclv1.1_casual_ensmble32/causal_graphs/mozilla4.json
okcupid_stem,/home/crc00006699/zh/tabiclv2/data178/okcupid_stem,multiclass,21341,4269,5336,13,3,0.7473763118440779,0.6165568828582764,6.148939847946167,ok,,3,"3,7,11",0.0209248065948486,ok selected=3 candidates=13 samples=5000,baseline/iclv1.1_casual_ensmble32/causal_graphs/okcupid_stem.png,baseline/iclv1.1_casual_ensmble32/causal_graphs/okcupid_stem.json
one-hundred-plants-texture,/home/crc00006699/zh/tabiclv2/data178/one-hundred-plants-texture,multiclass,1279,256,320,64,100,0.91875,0.6093666553497314,3.608135938644409,ok,,7,"7,8,11,12,31,32,54",0.1754007339477539,ok selected=7 candidates=64 samples=1279,baseline/iclv1.1_casual_ensmble32/causal_graphs/one-hundred-plants-texture.png,baseline/iclv1.1_casual_ensmble32/causal_graphs/one-hundred-plants-texture.json
ozone-level-8hr,/home/crc00006699/zh/tabiclv2/data178/ozone-level-8hr,binclass,2027,406,507,72,2,0.9526627218934912,0.6039702892303467,0.9975428581237792,ok,,5,"11,40,48,60,63",0.1258637905120849,ok selected=5 candidates=72 samples=2027,baseline/iclv1.1_casual_ensmble32/causal_graphs/ozone-level-8hr.png,baseline/iclv1.1_casual_ensmble32/causal_graphs/ozone-level-8hr.json
pc3,/home/crc00006699/zh/tabiclv2/data178/pc3,binclass,1250,250,313,37,2,0.9041533546325878,0.4261636734008789,0.2411279678344726,ok,,3,"0,25,35",0.0196304321289062,ok selected=3 candidates=37 samples=1250,baseline/iclv1.1_casual_ensmble32/causal_graphs/pc3.png,baseline/iclv1.1_casual_ensmble32/causal_graphs/pc3.json
phoneme,/home/crc00006699/zh/tabiclv2/data178/phoneme,binclass,4323,865,1081,5,2,0.902867715078631,0.366241455078125,0.7154934406280518,ok,,5,"0,1,2,3,4",0.0186543464660644,ok selected=5 candidates=5 samples=4323,baseline/iclv1.1_casual_ensmble32/causal_graphs/phoneme.png,baseline/iclv1.1_casual_ensmble32/causal_graphs/phoneme.json
qsar,/home/crc00006699/zh/tabiclv2/data178/qsar,binclass,844,169,211,40,2,0.8909952606635071,0.490361213684082,0.6454067230224609,ok,,7,"0,9,15,19,20,36,38",0.1060197353363037,ok selected=7 candidates=40 samples=844,baseline/iclv1.1_casual_ensmble32/causal_graphs/qsar.png,baseline/iclv1.1_casual_ensmble32/causal_graphs/qsar.json
rl,/home/crc00006699/zh/tabiclv2/data178/rl,binclass,3976,796,994,12,2,0.8410462776659959,0.395097017288208,0.5427167415618896,ok,,4,"1,8,10,11",0.019036054611206,ok selected=4 candidates=12 samples=3976,baseline/iclv1.1_casual_ensmble32/causal_graphs/rl.png,baseline/iclv1.1_casual_ensmble32/causal_graphs/rl.json
seismic+bumps,/home/crc00006699/zh/tabiclv2/data178/seismic+bumps,binclass,2067,414,517,18,2,0.9342359767891684,0.3695447444915771,0.2646443843841553,ok,,3,"2,5,8",0.0091450214385986,ok selected=3 candidates=18 samples=2067,baseline/iclv1.1_casual_ensmble32/causal_graphs/seismic_bumps.png,baseline/iclv1.1_casual_ensmble32/causal_graphs/seismic_bumps.json
spambase,/home/crc00006699/zh/tabiclv2/data178/spambase,binclass,3680,736,921,57,2,0.9576547231270358,1.691267967224121,1.9826867580413816,ok,,16,"4,5,6,7,8,10,15,16,18,20,22,24,25,51,52,56",1.2177410125732422,ok selected=16 candidates=57 samples=3680,baseline/iclv1.1_casual_ensmble32/causal_graphs/spambase.png,baseline/iclv1.1_casual_ensmble32/causal_graphs/spambase.json
statlog,/home/crc00006699/zh/tabiclv2/data178/statlog,binclass,800,160,200,20,2,0.745,0.4201283454895019,0.4222517013549804,ok,,6,"0,1,3,5,13,15",0.0457608699798584,ok selected=6 candidates=20 samples=800,baseline/iclv1.1_casual_ensmble32/causal_graphs/statlog.png,baseline/iclv1.1_casual_ensmble32/causal_graphs/statlog.json
taiwanese_bankruptcy_prediction,/home/crc00006699/zh/tabiclv2/data178/taiwanese_bankruptcy_prediction,binclass,5455,1091,1364,95,2,0.9706744868035192,1.1890802383422852,3.99231481552124,ok,,11,"1,14,37,39,41,58,59,64,83,84,85",0.4542090892791748,ok selected=11 candidates=95 samples=5000,baseline/iclv1.1_casual_ensmble32/causal_graphs/taiwanese_bankruptcy_prediction.png,baseline/iclv1.1_casual_ensmble32/causal_graphs/taiwanese_bankruptcy_prediction.json
thyroid,/home/crc00006699/zh/tabiclv2/data178/thyroid,multiclass,5760,1152,1440,21,3,0.9923611111111112,0.4495866298675537,2.067739963531494,ok,,6,"1,9,16,17,18,20",0.0551245212554931,ok selected=6 candidates=21 samples=5000,baseline/iclv1.1_casual_ensmble32/causal_graphs/thyroid.png,baseline/iclv1.1_casual_ensmble32/causal_graphs/thyroid.json
turiye_student_evaluation,/home/crc00006699/zh/tabiclv2/data178/turiye_student_evaluation,multiclass,4656,932,1164,32,5,0.5180412371134021,0.4725055694580078,1.7573461532592771,ok,,3,"1,2,3",0.0325102806091308,ok selected=3 candidates=32 samples=4656,baseline/iclv1.1_casual_ensmble32/causal_graphs/turiye_student_evaluation.png,baseline/iclv1.1_casual_ensmble32/causal_graphs/turiye_student_evaluation.json
volkert,/home/crc00006699/zh/tabiclv2/data178/volkert,multiclass,46648,9330,11662,180,10,0.7503858686331676,6.745562791824341,264.28725957870483,ok,,22,"50,64,65,68,69,70,71,72,77,78,79,80,84,90,91,102,119,124,136,151,163,168",1.1512372493743896,ok selected=22 candidates=128 samples=5000,baseline/iclv1.1_casual_ensmble32/causal_graphs/volkert.png,baseline/iclv1.1_casual_ensmble32/causal_graphs/volkert.json
water_quality,/home/crc00006699/zh/tabiclv2/data178/water_quality,binclass,6396,1280,1600,20,2,0.9075,0.5478239059448242,2.1561086177825928,ok,,8,"0,2,4,6,10,12,14,15",0.1232402324676513,ok selected=8 candidates=20 samples=5000,baseline/iclv1.1_casual_ensmble32/causal_graphs/water_quality.png,baseline/iclv1.1_casual_ensmble32/causal_graphs/water_quality.json
waveform_database_generator_version_1,/home/crc00006699/zh/tabiclv2/data178/waveform_database_generator_version_1,multiclass,4000,800,1000,21,3,0.862,0.5790691375732422,1.33740496635437,ok,,9,"1,2,3,4,5,6,10,11,12",0.159224271774292,ok selected=9 candidates=21 samples=4000,baseline/iclv1.1_casual_ensmble32/causal_graphs/waveform_database_generator_version_1.png,baseline/iclv1.1_casual_ensmble32/causal_graphs/waveform_database_generator_version_1.json
wine-quality-red,/home/crc00006699/zh/tabiclv2/data178/wine-quality-red,multiclass,1279,256,320,4,6,0.665625,0.3376412391662597,0.3207466602325439,ok,,3,"0,2,3",0.0009300708770751,ok selected=3 candidates=4 samples=1279,baseline/iclv1.1_casual_ensmble32/causal_graphs/wine-quality-red.png,baseline/iclv1.1_casual_ensmble32/causal_graphs/wine-quality-red.json
BLE_RSSI_dataset_for_Indoor_localization,/home/crc00006699/zh/tabiclv2/data178/BLE_RSSI_dataset_for_Indoor_localization,multiclass,7987,1598,1997,3,3,0.7401101652478718,0.694035530090332,2.929224967956543,ok,,3,"0,1,2",0.0020854473114013,ok selected=3 candidates=3 samples=5000,baseline/iclv1.1_casual_ensmble32/causal_graphs/BLE_RSSI_dataset_for_Indoor_localization.png,baseline/iclv1.1_casual_ensmble32/causal_graphs/BLE_RSSI_dataset_for_Indoor_localization.json
BNG(tic-tac-toe),/home/crc00006699/zh/tabiclv2/data178/BNG(tic-tac-toe),binclass,31492,6299,7874,9,2,0.8143256286512573,0.7661857604980469,14.412112474441528,ok,,6,"1,2,3,4,5,7",0.0579209327697753,ok selected=6 candidates=9 samples=5000,baseline/iclv1.1_casual_ensmble32/causal_graphs/BNG_tic-tac-toe.png,baseline/iclv1.1_casual_ensmble32/causal_graphs/BNG_tic-tac-toe.json
California-Housing-Classification,/home/crc00006699/zh/tabiclv2/data178/California-Housing-Classification,binclass,16512,3303,4128,8,2,0.9125484496124032,0.5586941242218018,4.323935031890869,ok,,5,"1,2,4,6,7",0.0236358642578125,ok selected=5 candidates=8 samples=5000,baseline/iclv1.1_casual_ensmble32/causal_graphs/California-Housing-Classification.png,baseline/iclv1.1_casual_ensmble32/causal_graphs/California-Housing-Classification.json
Credit_c,/home/crc00006699/zh/tabiclv2/data178/Credit_c,multiclass,80000,16000,20000,22,3,0.7888,1.9053995609283447,103.44182705879211,ok,,5,"2,3,8,13,14",0.078805923461914,ok selected=5 candidates=22 samples=5000,baseline/iclv1.1_casual_ensmble32/causal_graphs/Credit_c.png,baseline/iclv1.1_casual_ensmble32/causal_graphs/Credit_c.json
E-CommereShippingData,/home/crc00006699/zh/tabiclv2/data178/E-CommereShippingData,binclass,8799,1760,2200,10,2,0.6763636363636364,0.4346859455108642,1.1699442863464355,ok,,3,"6,8,9",0.0074775218963623,ok selected=3 candidates=10 samples=5000,baseline/iclv1.1_casual_ensmble32/causal_graphs/E-CommereShippingData.png,baseline/iclv1.1_casual_ensmble32/causal_graphs/E-CommereShippingData.json
FOREX_audcad-day-High,/home/crc00006699/zh/tabiclv2/data178/FOREX_audcad-day-High,binclass,1467,294,367,10,2,0.7520435967302452,0.3794560432434082,0.1953897476196289,ok,,3,"0,5,6",0.0018696784973144,ok selected=3 candidates=10 samples=1467,baseline/iclv1.1_casual_ensmble32/causal_graphs/FOREX_audcad-day-High.png,baseline/iclv1.1_casual_ensmble32/causal_graphs/FOREX_audcad-day-High.json
FOREX_audjpy-day-High,/home/crc00006699/zh/tabiclv2/data178/FOREX_audjpy-day-High,binclass,1465,293,367,10,2,0.7574931880108992,0.3658215999603271,0.1704368591308593,ok,,3,"3,4,9",0.0018708705902099,ok selected=3 candidates=10 samples=1465,baseline/iclv1.1_casual_ensmble32/causal_graphs/FOREX_audjpy-day-High.png,baseline/iclv1.1_casual_ensmble32/causal_graphs/FOREX_audjpy-day-High.json
FOREX_audusd-hour-High,/home/crc00006699/zh/tabiclv2/data178/FOREX_audusd-hour-High,binclass,35060,7012,8765,10,2,0.6818026240730177,0.66023850440979,8.78481674194336,ok,,3,"4,5,9",0.0041215419769287,ok selected=3 candidates=10 samples=5000,baseline/iclv1.1_casual_ensmble32/causal_graphs/FOREX_audusd-hour-High.png,baseline/iclv1.1_casual_ensmble32/causal_graphs/FOREX_audusd-hour-High.json
Firm-Teacher_Clave-Direction_Classification,/home/crc00006699/zh/tabiclv2/data178/Firm-Teacher_Clave-Direction_Classification,multiclass,8640,1728,2160,16,4,0.8796296296296297,1.03818941116333,3.110348463058472,ok,,8,"0,1,2,7,9,10,13,14",0.5309605598449707,ok selected=8 candidates=16 samples=5000,baseline/iclv1.1_casual_ensmble32/causal_graphs/Firm-Teacher_Clave-Direction_Classification.png,baseline/iclv1.1_casual_ensmble32/causal_graphs/Firm-Teacher_Clave-Direction_Classification.json
GAMETES_Heterogeneity_20atts_1600_Het_0.4_0.2_50_EDM-2_001,/home/crc00006699/zh/tabiclv2/data178/GAMETES_Heterogeneity_20atts_1600_Het_0.4_0.2_50_EDM-2_001,binclass,1280,256,320,20,2,0.68125,0.404048204421997,0.3545036315917969,ok,,3,"1,8,13",0.0031898021697998,ok selected=3 candidates=20 samples=1280,baseline/iclv1.1_casual_ensmble32/causal_graphs/GAMETES_Heterogeneity_20atts_1600_Het_0.4_0.2_50_EDM-2_001.png,baseline/iclv1.1_casual_ensmble32/causal_graphs/GAMETES_Heterogeneity_20atts_1600_Het_0.4_0.2_50_EDM-2_001.json
HR_Analytics_Job_Change_of_Data_Scientists,/home/crc00006699/zh/tabiclv2/data178/HR_Analytics_Job_Change_of_Data_Scientists,binclass,15326,3066,3832,13,2,0.7985386221294363,0.6544187068939209,6.404105424880981,ok,,8,"0,2,3,4,7,8,10,11",0.0951418876647949,ok selected=8 candidates=13 samples=5000,baseline/iclv1.1_casual_ensmble32/causal_graphs/HR_Analytics_Job_Change_of_Data_Scientists.png,baseline/iclv1.1_casual_ensmble32/causal_graphs/HR_Analytics_Job_Change_of_Data_Scientists.json
Indian_pines,/home/crc00006699/zh/tabiclv2/data178/Indian_pines,multiclass,7315,1463,1829,220,8,0.9240021869874248,1.762037754058838,11.13174605369568,ok,,3,"28,93,101",0.2522346973419189,ok selected=3 candidates=128 samples=5000,baseline/iclv1.1_casual_ensmble32/causal_graphs/Indian_pines.png,baseline/iclv1.1_casual_ensmble32/causal_graphs/Indian_pines.json
MIC,/home/crc00006699/zh/tabiclv2/data178/MIC,binclass,1319,264,330,104,2,0.9151515151515152,1.0416359901428225,1.1923341751098633,ok,,21,"1,5,14,17,20,23,24,26,27,30,33,35,36,53,59,84,91,95,100,102,103",0.4535143375396728,ok selected=21 candidates=104 samples=1319,baseline/iclv1.1_casual_ensmble32/causal_graphs/MIC.png,baseline/iclv1.1_casual_ensmble32/causal_graphs/MIC.json
Mobile_Price_Classification,/home/crc00006699/zh/tabiclv2/data178/Mobile_Price_Classification,multiclass,1600,320,400,20,4,0.9275,0.3942675590515136,0.530158281326294,ok,,4,"6,14,15,16",0.0090749263763427,ok selected=4 candidates=20 samples=1600,baseline/iclv1.1_casual_ensmble32/causal_graphs/Mobile_Price_Classification.png,baseline/iclv1.1_casual_ensmble32/causal_graphs/Mobile_Price_Classification.json
PieChart3,/home/crc00006699/zh/tabiclv2/data178/PieChart3,binclass,861,173,216,37,2,0.875,0.5388631820678711,0.3195858001708984,ok,,3,"0,9,35",0.0150148868560791,ok selected=3 candidates=37 samples=861,baseline/iclv1.1_casual_ensmble32/causal_graphs/PieChart3.png,baseline/iclv1.1_casual_ensmble32/causal_graphs/PieChart3.json
Pumpkin_Seeds,/home/crc00006699/zh/tabiclv2/data178/Pumpkin_Seeds,binclass,2000,400,500,12,2,0.872,0.378227949142456,0.3940000534057617,ok,,5,"0,4,6,7,11",0.0341067314147949,ok selected=5 candidates=12 samples=2000,baseline/iclv1.1_casual_ensmble32/causal_graphs/Pumpkin_Seeds.png,baseline/iclv1.1_casual_ensmble32/causal_graphs/Pumpkin_Seeds.json
SDSS17,/home/crc00006699/zh/tabiclv2/data178/SDSS17,multiclass,80000,16000,20000,12,3,0.97615,1.0794517993927002,78.95177817344666,ok,,4,"5,6,8,10",0.016855239868164,ok selected=4 candidates=12 samples=5000,baseline/iclv1.1_casual_ensmble32/causal_graphs/SDSS17.png,baseline/iclv1.1_casual_ensmble32/causal_graphs/SDSS17.json
UJI_Pen_Characters,/home/crc00006699/zh/tabiclv2/data178/UJI_Pen_Characters,multiclass,1091,219,273,80,35,0.5238095238095238,0.4905734062194824,2.300666093826294,ok,,3,"5,14,39",0.0372169017791748,ok selected=3 candidates=80 samples=1091,baseline/iclv1.1_casual_ensmble32/causal_graphs/UJI_Pen_Characters.png,baseline/iclv1.1_casual_ensmble32/causal_graphs/UJI_Pen_Characters.json
abalone,/home/crc00006699/zh/tabiclv2/data178/abalone,multiclass,3341,669,836,8,3,0.6471291866028708,0.3933520317077636,0.8620157241821289,ok,,5,"2,3,4,5,7",0.0255846977233886,ok selected=5 candidates=8 samples=3341,baseline/iclv1.1_casual_ensmble32/causal_graphs/abalone.png,baseline/iclv1.1_casual_ensmble32/causal_graphs/abalone.json
ada_agnostic,/home/crc00006699/zh/tabiclv2/data178/ada_agnostic,binclass,3649,730,913,48,2,0.8357064622124863,0.8075821399688721,1.77608060836792,ok,,11,"1,2,10,11,17,19,20,23,25,29,35",0.348351240158081,ok selected=11 candidates=48 samples=3649,baseline/iclv1.1_casual_ensmble32/causal_graphs/ada_agnostic.png,baseline/iclv1.1_casual_ensmble32/causal_graphs/ada_agnostic.json
allbp,/home/crc00006699/zh/tabiclv2/data178/allbp,multiclass,3017,604,755,29,3,0.976158940397351,0.4606907367706299,1.1159114837646484,ok,,6,"0,5,22,23,26,27",0.0456299781799316,ok selected=6 candidates=29 samples=3017,baseline/iclv1.1_casual_ensmble32/causal_graphs/allbp.png,baseline/iclv1.1_casual_ensmble32/causal_graphs/allbp.json
artificial-characters,/home/crc00006699/zh/tabiclv2/data178/artificial-characters,multiclass,8174,1635,2044,7,10,0.8683953033268101,0.3935451507568359,2.4370009899139404,ok,,3,"2,3,6",0.0168709754943847,ok selected=3 candidates=7 samples=5000,baseline/iclv1.1_casual_ensmble32/causal_graphs/artificial-characters.png,baseline/iclv1.1_casual_ensmble32/causal_graphs/artificial-characters.json
bank,/home/crc00006699/zh/tabiclv2/data178/bank,binclass,36168,7234,9043,16,2,0.908879796527701,0.9811387062072754,25.80782699584961,ok,,8,"2,4,5,6,10,12,14,15",0.1827759742736816,ok selected=8 candidates=16 samples=5000,baseline/iclv1.1_casual_ensmble32/causal_graphs/bank.png,baseline/iclv1.1_casual_ensmble32/causal_graphs/bank.json
car-evaluation,/home/crc00006699/zh/tabiclv2/data178/car-evaluation,multiclass,1382,277,346,21,4,0.9826589595375722,0.4795091152191162,0.5515146255493164,ok,,9,"0,1,3,4,7,12,15,19,20",0.0799093246459961,ok selected=9 candidates=21 samples=1382,baseline/iclv1.1_casual_ensmble32/causal_graphs/car-evaluation.png,baseline/iclv1.1_casual_ensmble32/causal_graphs/car-evaluation.json
company_bankruptcy_prediction,/home/crc00006699/zh/tabiclv2/data178/company_bankruptcy_prediction,binclass,5455,1091,1364,95,2,0.9699413489736072,1.0015270709991455,4.005564212799072,ok,,9,"0,16,39,52,60,66,77,85,86",0.2664937973022461,ok selected=9 candidates=95 samples=5000,baseline/iclv1.1_casual_ensmble32/causal_graphs/company_bankruptcy_prediction.png,baseline/iclv1.1_casual_ensmble32/causal_graphs/company_bankruptcy_prediction.json
credit,/home/crc00006699/zh/tabiclv2/data178/credit,binclass,13371,2675,3343,10,2,0.7831289261142687,0.468597412109375,3.923623561859131,ok,,6,"1,2,4,6,8,9",0.0402023792266845,ok selected=6 candidates=10 samples=5000,baseline/iclv1.1_casual_ensmble32/causal_graphs/credit.png,baseline/iclv1.1_casual_ensmble32/causal_graphs/credit.json
default_of_credit_card_clients,/home/crc00006699/zh/tabiclv2/data178/default_of_credit_card_clients,binclass,24000,4800,6000,23,2,0.8258333333333333,1.2247874736785889,14.065526723861694,ok,,9,"0,3,4,5,6,9,17,18,21",0.2643516063690185,ok selected=9 candidates=23 samples=5000,baseline/iclv1.1_casual_ensmble32/causal_graphs/default_of_credit_card_clients.png,baseline/iclv1.1_casual_ensmble32/causal_graphs/default_of_credit_card_clients.json
dna,/home/crc00006699/zh/tabiclv2/data178/dna,multiclass,2548,510,638,180,3,0.9373040752351096,1.5300991535186768,3.5237739086151123,ok,,22,"17,43,47,64,83,84,89,92,93,94,95,96,98,99,104,105,106,110,112,122,135,149",0.6268935203552246,ok selected=22 candidates=128 samples=2548,baseline/iclv1.1_casual_ensmble32/causal_graphs/dna.png,baseline/iclv1.1_casual_ensmble32/causal_graphs/dna.json
eeg-eye-state,/home/crc00006699/zh/tabiclv2/data178/eeg-eye-state,binclass,11984,2397,2996,14,2,0.9909879839786382,0.4689252376556396,1.756599187850952,ok,,3,"1,10,11",0.0132675170898437,ok selected=3 candidates=14 samples=5000,baseline/iclv1.1_casual_ensmble32/causal_graphs/eeg-eye-state.png,baseline/iclv1.1_casual_ensmble32/causal_graphs/eeg-eye-state.json
eye_movements,/home/crc00006699/zh/tabiclv2/data178/eye_movements,multiclass,8748,1750,2188,27,3,0.716636197440585,0.7014100551605225,3.615523099899292,ok,,9,"1,2,12,18,20,21,23,25,26",0.1628854274749755,ok selected=9 candidates=27 samples=5000,baseline/iclv1.1_casual_ensmble32/causal_graphs/eye_movements.png,baseline/iclv1.1_casual_ensmble32/causal_graphs/eye_movements.json
gas-drift,/home/crc00006699/zh/tabiclv2/data178/gas-drift,multiclass,11128,2226,2782,128,6,0.99568655643422,2.6900711059570312,11.784754514694214,ok,,9,"10,35,51,64,66,74,75,83,107",1.1666984558105469,ok selected=9 candidates=128 samples=5000,baseline/iclv1.1_casual_ensmble32/causal_graphs/gas-drift.png,baseline/iclv1.1_casual_ensmble32/causal_graphs/gas-drift.json
heloc,/home/crc00006699/zh/tabiclv2/data178/heloc,binclass,8000,1600,2000,22,2,0.7235,0.6006734371185303,2.905540943145752,ok,,7,"0,1,3,8,12,13,16",0.1132104396820068,ok selected=7 candidates=22 samples=5000,baseline/iclv1.1_casual_ensmble32/causal_graphs/heloc.png,baseline/iclv1.1_casual_ensmble32/causal_graphs/heloc.json
htru,/home/crc00006699/zh/tabiclv2/data178/htru,binclass,14318,2864,3580,8,2,0.9804469273743016,0.4549953937530517,2.69836163520813,ok,,4,"2,3,4,5",0.0447731018066406,ok selected=4 candidates=8 samples=5000,baseline/iclv1.1_casual_ensmble32/causal_graphs/htru.png,baseline/iclv1.1_casual_ensmble32/causal_graphs/htru.json
internet_firewall,/home/crc00006699/zh/tabiclv2/data178/internet_firewall,multiclass,52425,10485,13107,7,4,0.9310292210269322,0.5595238208770752,35.03432893753052,ok,,3,"1,2,4",0.0111050605773925,ok selected=3 candidates=7 samples=5000,baseline/iclv1.1_casual_ensmble32/causal_graphs/internet_firewall.png,baseline/iclv1.1_casual_ensmble32/causal_graphs/internet_firewall.json
jungle_chess_2pcs_raw_endgame_complete,/home/crc00006699/zh/tabiclv2/data178/jungle_chess_2pcs_raw_endgame_complete,multiclass,35855,7171,8964,6,3,0.8614457831325302,0.5124528408050537,17.880566120147705,ok,,4,"0,2,3,5",0.0125362873077392,ok selected=4 candidates=6 samples=5000,baseline/iclv1.1_casual_ensmble32/causal_graphs/jungle_chess_2pcs_raw_endgame_complete.png,baseline/iclv1.1_casual_ensmble32/causal_graphs/jungle_chess_2pcs_raw_endgame_complete.json
kr-vs-k,/home/crc00006699/zh/tabiclv2/data178/kr-vs-k,multiclass,22444,4489,5612,6,18,0.8492516037063436,0.4902882575988769,24.408599138259888,ok,,3,"1,3,5",0.0042688846588134,ok selected=3 candidates=6 samples=5000,baseline/iclv1.1_casual_ensmble32/causal_graphs/kr-vs-k.png,baseline/iclv1.1_casual_ensmble32/causal_graphs/kr-vs-k.json
led7,/home/crc00006699/zh/tabiclv2/data178/led7,multiclass,2560,512,640,7,10,0.7375,0.3907108306884765,0.6878068447113037,ok,,6,"0,1,2,3,4,5",0.0245401859283447,ok selected=6 candidates=7 samples=2560,baseline/iclv1.1_casual_ensmble32/causal_graphs/led7.png,baseline/iclv1.1_casual_ensmble32/causal_graphs/led7.json
mammography,/home/crc00006699/zh/tabiclv2/data178/mammography,binclass,8946,1790,2237,6,2,0.9892713455520786,0.3983974456787109,1.3366081714630127,ok,,4,"0,2,3,4",0.0176591873168945,ok selected=4 candidates=6 samples=5000,baseline/iclv1.1_casual_ensmble32/causal_graphs/mammography.png,baseline/iclv1.1_casual_ensmble32/causal_graphs/mammography.json
mfeat-fourier,/home/crc00006699/zh/tabiclv2/data178/mfeat-fourier,multiclass,1600,320,400,76,10,0.885,0.5782616138458252,1.1458852291107178,ok,,7,"0,3,4,10,11,13,72",0.1240065097808837,ok selected=7 candidates=76 samples=1600,baseline/iclv1.1_casual_ensmble32/causal_graphs/mfeat-fourier.png,baseline/iclv1.1_casual_ensmble32/causal_graphs/mfeat-fourier.json
mfeat-pixel,/home/crc00006699/zh/tabiclv2/data178/mfeat-pixel,multiclass,1600,320,400,240,10,0.965,1.5543370246887207,2.755613327026367,ok,,11,"14,15,54,56,60,88,91,118,180,189,238",0.5905654430389404,ok selected=11 candidates=128 samples=1600,baseline/iclv1.1_casual_ensmble32/causal_graphs/mfeat-pixel.png,baseline/iclv1.1_casual_ensmble32/causal_graphs/mfeat-pixel.json
microaggregation2,/home/crc00006699/zh/tabiclv2/data178/microaggregation2,multiclass,16000,3200,4000,20,5,0.6415,0.8997552394866943,7.374825477600098,ok,,9,"0,3,5,8,10,12,13,16,18",0.3548212051391601,ok selected=9 candidates=20 samples=5000,baseline/iclv1.1_casual_ensmble32/causal_graphs/microaggregation2.png,baseline/iclv1.1_casual_ensmble32/causal_graphs/microaggregation2.json
naticusdroid+android+permissions+dataset,/home/crc00006699/zh/tabiclv2/data178/naticusdroid+android+permissions+dataset,binclass,23465,4693,5867,86,2,0.9711948184762228,2.6994729042053223,22.085182666778564,ok,,16,"5,9,11,17,21,22,26,38,39,44,46,50,53,63,65,67",0.6908090114593506,ok selected=16 candidates=86 samples=5000,baseline/iclv1.1_casual_ensmble32/causal_graphs/naticusdroid_android_permissions_dataset.png,baseline/iclv1.1_casual_ensmble32/causal_graphs/naticusdroid_android_permissions_dataset.json
one-hundred-plants-margin,/home/crc00006699/zh/tabiclv2/data178/one-hundred-plants-margin,multiclass,1280,256,320,64,100,0.884375,0.5882766246795654,3.7812132835388175,ok,,7,"1,2,12,35,46,58,61",0.1094024181365966,ok selected=7 candidates=64 samples=1280,baseline/iclv1.1_casual_ensmble32/causal_graphs/one-hundred-plants-margin.png,baseline/iclv1.1_casual_ensmble32/causal_graphs/one-hundred-plants-margin.json
online_shoppers,/home/crc00006699/zh/tabiclv2/data178/online_shoppers,binclass,9864,1973,2466,14,2,0.9042984590429846,0.5707483291625977,3.576732635498047,ok,,8,"3,4,7,9,10,11,12,13",0.099236249923706,ok selected=8 candidates=14 samples=5000,baseline/iclv1.1_casual_ensmble32/causal_graphs/online_shoppers.png,baseline/iclv1.1_casual_ensmble32/causal_graphs/online_shoppers.json
page-blocks,/home/crc00006699/zh/tabiclv2/data178/page-blocks,multiclass,4378,876,1095,10,5,0.9799086757990868,0.4131109714508056,1.2267885208129885,ok,,4,"0,4,5,6",0.0248942375183105,ok selected=4 candidates=10 samples=4378,baseline/iclv1.1_casual_ensmble32/causal_graphs/page-blocks.png,baseline/iclv1.1_casual_ensmble32/causal_graphs/page-blocks.json
pc4,/home/crc00006699/zh/tabiclv2/data178/pc4,binclass,1166,234,292,37,2,0.9075342465753424,0.455270767211914,0.5424160957336426,ok,,7,"3,7,9,16,20,25,35",0.056032657623291,ok selected=7 candidates=37 samples=1166,baseline/iclv1.1_casual_ensmble32/causal_graphs/pc4.png,baseline/iclv1.1_casual_ensmble32/causal_graphs/pc4.json
pol,/home/crc00006699/zh/tabiclv2/data178/pol,binclass,8065,1613,2017,26,2,0.9816559246405552,0.8500771522521973,2.1591391563415527,ok,,5,"0,1,2,3,4",0.2225732803344726,ok selected=5 candidates=26 samples=5000,baseline/iclv1.1_casual_ensmble32/causal_graphs/pol.png,baseline/iclv1.1_casual_ensmble32/causal_graphs/pol.json
rice_cammeo_and_osmancik,/home/crc00006699/zh/tabiclv2/data178/rice_cammeo_and_osmancik,binclass,3048,610,762,7,2,0.9291338582677166,0.3602418899536133,0.3223247528076172,ok,,3,"1,2,5",0.0048911571502685,ok selected=3 candidates=7 samples=3048,baseline/iclv1.1_casual_ensmble32/causal_graphs/rice_cammeo_and_osmancik.png,baseline/iclv1.1_casual_ensmble32/causal_graphs/rice_cammeo_and_osmancik.json
satimage,/home/crc00006699/zh/tabiclv2/data178/satimage,multiclass,5144,1029,1286,36,6,0.9292379471228616,0.9769887924194336,2.243603467941284,ok,,7,"0,2,10,14,18,22,26",0.495011568069458,ok selected=7 candidates=36 samples=5000,baseline/iclv1.1_casual_ensmble32/causal_graphs/satimage.png,baseline/iclv1.1_casual_ensmble32/causal_graphs/satimage.json
semeion,/home/crc00006699/zh/tabiclv2/data178/semeion,multiclass,1274,255,319,256,10,0.9122257053291536,1.5127627849578855,2.519249677658081,ok,,25,"0,8,15,40,61,62,65,78,95,111,139,150,153,155,156,165,167,180,193,209,216,217,230,231,232",0.7539303302764893,ok selected=25 candidates=128 samples=1274,baseline/iclv1.1_casual_ensmble32/causal_graphs/semeion.png,baseline/iclv1.1_casual_ensmble32/causal_graphs/semeion.json
splice,/home/crc00006699/zh/tabiclv2/data178/splice,multiclass,2552,511,638,60,3,0.957680250783699,0.6248157024383545,1.4499776363372805,ok,,8,"27,28,29,31,32,33,35,46",0.0971529483795166,ok selected=8 candidates=60 samples=2552,baseline/iclv1.1_casual_ensmble32/causal_graphs/splice.png,baseline/iclv1.1_casual_ensmble32/causal_graphs/splice.json
steel_plates_faults,/home/crc00006699/zh/tabiclv2/data178/steel_plates_faults,multiclass,1552,311,389,27,7,0.8329048843187661,0.4503657817840576,0.5936062335968018,ok,,8,"3,9,10,12,13,14,23,26",0.074437141418457,ok selected=8 candidates=27 samples=1552,baseline/iclv1.1_casual_ensmble32/causal_graphs/steel_plates_faults.png,baseline/iclv1.1_casual_ensmble32/causal_graphs/steel_plates_faults.json
telco-customer-churn,/home/crc00006699/zh/tabiclv2/data178/telco-customer-churn,binclass,5634,1127,1409,18,2,0.8041163946061036,0.6249144077301025,1.893843650817871,ok,,9,"2,6,7,9,12,13,15,16,17",0.1844518184661865,ok selected=9 candidates=18 samples=5000,baseline/iclv1.1_casual_ensmble32/causal_graphs/telco-customer-churn.png,baseline/iclv1.1_casual_ensmble32/causal_graphs/telco-customer-churn.json
thyroid-ann,/home/crc00006699/zh/tabiclv2/data178/thyroid-ann,multiclass,3017,604,755,21,3,0.9920529801324504,0.3982319831848144,0.8086402416229248,ok,,4,"9,16,17,20",0.0188977718353271,ok selected=4 candidates=21 samples=3017,baseline/iclv1.1_casual_ensmble32/causal_graphs/thyroid-ann.png,baseline/iclv1.1_casual_ensmble32/causal_graphs/thyroid-ann.json
twonorm,/home/crc00006699/zh/tabiclv2/data178/twonorm,binclass,5920,1184,1480,20,2,0.979054054054054,1.0569872856140137,2.050692319869995,ok,,9,"0,3,4,8,10,12,13,16,19",0.6473445892333984,ok selected=9 candidates=20 samples=5000,baseline/iclv1.1_casual_ensmble32/causal_graphs/twonorm.png,baseline/iclv1.1_casual_ensmble32/causal_graphs/twonorm.json
walking-activity,/home/crc00006699/zh/tabiclv2/data178/walking-activity,multiclass,119465,23893,29867,4,22,0.663709110389393,0.7538201808929443,365.1296555995941,ok,,3,"0,1,3",0.0111324787139892,ok selected=3 candidates=4 samples=5000,baseline/iclv1.1_casual_ensmble32/causal_graphs/walking-activity.png,baseline/iclv1.1_casual_ensmble32/causal_graphs/walking-activity.json
waveform-5000,/home/crc00006699/zh/tabiclv2/data178/waveform-5000,multiclass,4000,800,1000,40,3,0.864,0.6578714847564697,1.8114101886749268,ok,,8,"1,2,3,4,5,10,11,12",0.1765151023864746,ok selected=8 candidates=40 samples=4000,baseline/iclv1.1_casual_ensmble32/causal_graphs/waveform-5000.png,baseline/iclv1.1_casual_ensmble32/causal_graphs/waveform-5000.json
website_phishing,/home/crc00006699/zh/tabiclv2/data178/website_phishing,multiclass,1082,217,271,9,3,0.911439114391144,0.3824050426483154,0.3258290290832519,ok,,6,"0,1,2,3,4,7",0.03666353225708,ok selected=6 candidates=9 samples=1082,baseline/iclv1.1_casual_ensmble32/causal_graphs/website_phishing.png,baseline/iclv1.1_casual_ensmble32/causal_graphs/website_phishing.json
wine-quality-white,/home/crc00006699/zh/tabiclv2/data178/wine-quality-white,multiclass,3918,784,980,11,7,0.6877551020408164,0.4317548274993896,1.082543134689331,ok,,6,"1,3,4,7,8,10",0.0668277740478515,ok selected=6 candidates=11 samples=3918,baseline/iclv1.1_casual_ensmble32/causal_graphs/wine-quality-white.png,baseline/iclv1.1_casual_ensmble32/causal_graphs/wine-quality-white.json
