dataset_name,dataset_dir,task_type,n_train,n_val,n_test,n_features,n_classes,accuracy,f1,fit_seconds,predict_seconds,status,error,aoc,aoc_metric,aoc_error,n_train_a,n_train_b,n_holdout_c,n_test_d,ttt_loss,ttt_steps,ttt_lr,ttt_applied,ttt_update_seconds,ttt_split_strategy,ttt_split_reason,ttt_epochs,ttt_chunks_per_epoch,ttt_batch_mode,ttt_val_baseline_accuracy,ttt_val_best_accuracy,ttt_best_epoch,ttt_stopped_early
ASP-POTASSCO-classification,/home/crc00006699/zh/tabiclv2/data178/ASP-POTASSCO-classification,multiclass,1035,207,259,141,11,0.4903474903474903,0.4709621259507563,1.4741771221160889,3.916442394256592,ok,,1.5039419252701582,log_loss,,1035,828,0,259,,0,5e-06,False,0.8879561424255371,full_train_epoch_chunks,full train set chunked per epoch | validation=dataset_val_split | TTT training skipped because n_classes=11 exceeds model max_classes=10,0,0,epoch_chunk,,,0,False
BNG(breast-w),/home/crc00006699/zh/tabiclv2/data178/BNG(breast-w),binclass,31492,6299,7874,9,2,0.9880619761239524,0.9880733760592986,3667.3991796970367,20.320056200027462,ok,,0.0008171821224792,1_minus_roc_auc,,31492,25193,0,7874,0.0378288718638941,44,5e-06,True,3667.1398146152496,full_train_epoch_chunks,full train set chunked per epoch | validation=dataset_val_split,30,2,epoch_chunk,0.9872995713605334,0.9884108588664868,14,True
Bank_Customer_Churn_Dataset,/home/crc00006699/zh/tabiclv2/data178/Bank_Customer_Churn_Dataset,binclass,8000,1600,2000,10,2,0.8745,0.8645747452614437,271.5397312641144,2.750925064086914,ok,,0.1180456265202029,1_minus_roc_auc,,8000,6400,0,2000,0.3139172289520502,12,5e-06,True,271.448184967041,full_train_epoch_chunks,full train set chunked per epoch | validation=dataset_val_split,30,1,epoch_chunk,0.865,0.869375,4,True
Cardiovascular-Disease-dataset,/home/crc00006699/zh/tabiclv2/data178/Cardiovascular-Disease-dataset,binclass,56000,11200,14000,11,2,0.734,0.7335202976352835,5203.127091169357,56.00801229476929,ok,,0.1981072891778903,1_minus_roc_auc,,56000,44800,0,14000,0.5314604006707668,48,5e-06,True,5202.614682197571,full_train_epoch_chunks,full train set chunked per epoch | validation=dataset_val_split,30,3,epoch_chunk,0.7325892857142857,0.7327678571428572,8,True
Customer_Personality_Analysis,/home/crc00006699/zh/tabiclv2/data178/Customer_Personality_Analysis,binclass,1792,359,448,24,2,0.8928571428571429,0.8848287598792377,40.68300914764404,0.7715134620666504,ok,,0.0867121087476006,1_minus_roc_auc,,1792,1433,0,448,0.2665187120437622,9,5e-06,True,40.61457633972168,full_train_epoch_chunks,full train set chunked per epoch | validation=dataset_val_split,30,1,epoch_chunk,0.8885793871866295,0.8913649025069638,1,True
Employee,/home/crc00006699/zh/tabiclv2/data178/Employee,binclass,3722,745,931,8,2,0.8614393125671321,0.8551444492589773,97.18566250801086,1.089115858078003,ok,,0.1210950286415711,1_minus_roc_auc,,3722,2977,0,931,0.3658025534823537,13,5e-06,True,97.12857866287231,full_train_epoch_chunks,full train set chunked per epoch | validation=dataset_val_split,30,1,epoch_chunk,0.8523489932885906,0.8577181208053691,5,True
FOREX_audcad-hour-High,/home/crc00006699/zh/tabiclv2/data178/FOREX_audcad-hour-High,binclass,35060,7012,8765,10,2,0.7151169423844838,0.7150814160501828,2774.860576152801,24.537322759628296,ok,,0.2097145753622994,1_minus_roc_auc,,35060,28048,0,8765,0.5515439976006746,30,5e-06,True,2774.566737174988,full_train_epoch_chunks,full train set chunked per epoch | validation=dataset_val_split,30,2,epoch_chunk,0.7164860239589276,0.7174843126069596,7,True
FOREX_audjpy-hour-High,/home/crc00006699/zh/tabiclv2/data178/FOREX_audjpy-hour-High,binclass,35060,7012,8765,10,2,0.7220764403879064,0.7220514955581413,1482.5277936458588,24.54727840423584,ok,,0.199991359639427,1_minus_roc_auc,,35060,28048,0,8765,0.56995496340096,16,5e-06,True,1482.2604794502258,full_train_epoch_chunks,full train set chunked per epoch | validation=dataset_val_split,30,2,epoch_chunk,0.7191956645750143,0.7191956645750143,0,True
FOREX_cadjpy-day-High,/home/crc00006699/zh/tabiclv2/data178/FOREX_cadjpy-day-High,binclass,1467,294,367,10,2,0.7111716621253406,0.7103545966706896,65.31087732315063,0.4422461986541748,ok,,0.2095806604894274,1_minus_roc_auc,,1467,1173,0,367,0.5241256896406412,24,5e-06,True,65.27438688278198,full_train_epoch_chunks,full train set chunked per epoch | validation=dataset_val_split,30,1,epoch_chunk,0.7006802721088435,0.7210884353741497,16,True
Fitness_Club_c,/home/crc00006699/zh/tabiclv2/data178/Fitness_Club_c,binclass,1200,240,300,6,2,0.8,0.7922205310333165,17.78755497932434,0.2431685924530029,ok,,0.1766391503233607,1_minus_roc_auc,,1200,960,0,300,0.4508652407675981,10,5e-06,True,17.75402808189392,full_train_epoch_chunks,full train set chunked per epoch | validation=dataset_val_split,30,1,epoch_chunk,0.7666666666666667,0.775,2,True
Gender_Gap_in_Spanish_WP,/home/crc00006699/zh/tabiclv2/data178/Gender_Gap_in_Spanish_WP,multiclass,3796,760,950,13,3,0.6136842105263158,0.5699184058872218,101.67718768119812,1.2275259494781494,ok,,0.7903519888497201,log_loss,,3796,3036,0,950,0.8009328488260508,12,5e-06,True,101.62232851982117,full_train_epoch_chunks,full train set chunked per epoch | validation=dataset_val_split,30,1,epoch_chunk,0.6157894736842106,0.6223684210526316,4,True
IBM_HR_Analytics_Employee_Attrition_and_Performance,/home/crc00006699/zh/tabiclv2/data178/IBM_HR_Analytics_Employee_Attrition_and_Performance,binclass,1176,236,294,31,2,0.8775510204081632,0.865202906820623,29.56318759918213,0.5903401374816895,ok,,0.1630631406667242,1_minus_roc_auc,,1176,940,0,294,0.3018402056768536,8,5e-06,True,29.48820734024048,full_train_epoch_chunks,full train set chunked per epoch | validation=dataset_val_split,30,1,epoch_chunk,0.9110169491525424,0.9110169491525424,0,True
JapaneseVowels,/home/crc00006699/zh/tabiclv2/data178/JapaneseVowels,multiclass,7968,1594,1993,14,9,0.9994982438534872,0.999498083906782,193.22912907600403,3.0105886459350586,ok,,0.0009732406068493,log_loss,,7968,6374,0,1993,0.0142999623494688,8,5e-06,True,193.12566137313843,full_train_epoch_chunks,full train set chunked per epoch | validation=dataset_val_split,30,1,epoch_chunk,0.9968632371392724,0.9968632371392724,0,True
MagicTelescope,/home/crc00006699/zh/tabiclv2/data178/MagicTelescope,binclass,15216,3044,3804,9,2,0.8945846477392219,0.8930703859564486,1374.165364742279,6.435507535934448,ok,,0.0510444284420587,1_minus_roc_auc,,15216,12172,0,3804,0.2806076277047395,22,5e-06,True,1374.0353798866272,full_train_epoch_chunks,full train set chunked per epoch | validation=dataset_val_split,30,1,epoch_chunk,0.8827201051248358,0.8853482260183968,14,True
National_Health_and_Nutrition_Health_Survey,/home/crc00006699/zh/tabiclv2/data178/National_Health_and_Nutrition_Health_Survey,binclass,1822,365,456,7,2,0.8333333333333334,0.7812470672147456,22.657323360443115,0.4366395473480224,ok,,0.2232197145820664,1_minus_roc_auc,,1822,1457,0,456,0.3817887660115957,8,5e-06,True,22.62435269355774,full_train_epoch_chunks,full train set chunked per epoch | validation=dataset_val_split,30,1,epoch_chunk,0.8547945205479452,0.8547945205479452,0,True
Pima_Indians_Diabetes_Database,/home/crc00006699/zh/tabiclv2/data178/Pima_Indians_Diabetes_Database,binclass,614,123,154,8,2,0.7272727272727273,0.7179459691252145,15.318766117095947,0.4079377651214599,ok,,0.1390740740740741,1_minus_roc_auc,,614,491,0,154,0.5465328674763441,8,5e-06,True,15.291364192962646,full_train_epoch_chunks,full train set chunked per epoch | validation=dataset_val_split,30,1,epoch_chunk,0.7723577235772358,0.7723577235772358,0,True
QSAR_biodegradation,/home/crc00006699/zh/tabiclv2/data178/QSAR_biodegradation,binclass,843,169,211,41,2,0.8862559241706162,0.8844403574544338,30.294341564178467,1.1622624397277832,ok,,0.0493963782696176,1_minus_roc_auc,,843,674,0,211,0.2890466507524252,9,5e-06,True,30.177149057388306,full_train_epoch_chunks,full train set chunked per epoch | validation=dataset_val_split,30,1,epoch_chunk,0.863905325443787,0.8698224852071006,1,True
Satellite,/home/crc00006699/zh/tabiclv2/data178/Satellite,binclass,4080,816,1020,36,2,0.9931372549019608,0.9921048327071554,109.67765522003174,2.089193820953369,ok,,0.0060364842454394,1_minus_roc_auc,,4080,3264,0,1020,0.0065205784485442,8,5e-06,True,109.54398560523988,full_train_epoch_chunks,full train set chunked per epoch | validation=dataset_val_split,30,1,epoch_chunk,0.9963235294117648,0.9963235294117648,0,True
Water_Quality_and_Potability,/home/crc00006699/zh/tabiclv2/data178/Water_Quality_and_Potability,binclass,2620,524,656,8,2,0.6524390243902439,0.6012679739509007,67.95843648910522,0.7320199012756348,ok,,0.3289453124999999,1_minus_roc_auc,,2620,2096,0,656,0.646893534809351,14,5e-06,True,67.92489433288574,full_train_epoch_chunks,full train set chunked per epoch | validation=dataset_val_split,30,1,epoch_chunk,0.6412213740458015,0.6450381679389313,6,True
accelerometer,/home/crc00006699/zh/tabiclv2/data178/accelerometer,multiclass,122403,24481,30601,4,4,0.7456945851442763,0.7436135923528404,5764.056626319885,228.46278643608093,ok,,0.530465135938962,log_loss,,122403,97922,0,30601,0.5729852970689535,48,5e-06,True,5763.654284238815,full_train_epoch_chunks,full train set chunked per epoch | validation=dataset_val_split,30,5,epoch_chunk,0.7434745312691475,0.7463747395939708,2,True
ada_prior,/home/crc00006699/zh/tabiclv2/data178/ada_prior,binclass,3649,730,913,14,2,0.8565169769989047,0.8481072303572835,108.56998229026794,1.4938480854034424,ok,,0.0994817687931057,1_minus_roc_auc,,3649,2919,0,913,0.3117978870868683,13,5e-06,True,108.49521493911745,full_train_epoch_chunks,full train set chunked per epoch | validation=dataset_val_split,30,1,epoch_chunk,0.8342465753424657,0.8424657534246576,5,True
allrep,/home/crc00006699/zh/tabiclv2/data178/allrep,multiclass,3017,604,755,29,4,0.9854304635761588,0.9849641051995724,93.68022108078004,1.3214483261108398,ok,,0.0375981740241013,log_loss,,3017,2413,0,755,0.0485400984762236,11,5e-06,True,93.5659806728363,full_train_epoch_chunks,full train set chunked per epoch | validation=dataset_val_split,30,1,epoch_chunk,0.9867549668874172,0.98841059602649,3,True
autoUniv-au4-2500,/home/crc00006699/zh/tabiclv2/data178/autoUniv-au4-2500,multiclass,2000,400,500,100,3,0.714,0.6845230998509687,150.3873908519745,2.040857553482056,ok,,0.6622256905111622,log_loss,,2000,1600,0,500,0.747098796069622,12,5e-06,True,150.13392519950867,full_train_epoch_chunks,full train set chunked per epoch | validation=dataset_val_split,30,1,epoch_chunk,0.7075,0.72,4,True
banknote_authentication,/home/crc00006699/zh/tabiclv2/data178/banknote_authentication,binclass,1097,220,275,4,2,0.5381818181818182,0.4176606666870183,19.37871479988098,0.140542984008789,ok,,0.4545965927354548,1_minus_roc_auc,,1097,877,0,275,0.6784989759325981,17,5e-06,True,19.35369634628296,full_train_epoch_chunks,full train set chunked per epoch | validation=dataset_val_split,30,1,epoch_chunk,0.5772727272727273,0.5909090909090909,9,True
churn,/home/crc00006699/zh/tabiclv2/data178/churn,binclass,4000,800,1000,20,2,0.967,0.9656316025636732,83.22294187545776,1.5539495944976809,ok,,0.0676648585275637,1_minus_roc_auc,,4000,3200,0,1000,0.1188717081677168,8,5e-06,True,83.13507676124573,full_train_epoch_chunks,full train set chunked per epoch | validation=dataset_val_split,30,1,epoch_chunk,0.975,0.975,0,True
compass,/home/crc00006699/zh/tabiclv2/data178/compass,binclass,13315,2663,3329,17,2,0.8987683989185942,0.898654709152321,1686.6373109817505,6.058403968811035,ok,,0.0392940416377917,1_minus_roc_auc,,13315,10652,0,3329,0.3351252404972911,30,5e-06,True,1686.4257745742798,full_train_epoch_chunks,full train set chunked per epoch | validation=dataset_val_split,30,1,epoch_chunk,0.8062335711603454,0.8787082238077356,30,False
customer_satisfaction_in_airline,/home/crc00006699/zh/tabiclv2/data178/customer_satisfaction_in_airline,binclass,0,0,0,0,0,,,0.0,0.0,fail,"OutOfMemoryError: CUDA out of memory. Tried to allocate 80.00 MiB. GPU 0 has a total capacity of 23.57 GiB of which 12.00 MiB is free. Process 44657 has 23.55 GiB memory in use. Of the allocated memory 22.95 GiB is allocated by PyTorch, and 289.16 MiB is reserved by PyTorch but unallocated. If reserved but unallocated memory is large try setting PYTORCH_CUDA_ALLOC_CONF=expandable_segments:True to avoid fragmentation.  See documentation for Memory Management  (https://pytorch.org/docs/stable/notes/cuda.html#environment-variables)",,,,0,0,0,0,,0,,False,0.0,,,0,0,,,,0,False
delta_ailerons,/home/crc00006699/zh/tabiclv2/data178/delta_ailerons,binclass,5703,1141,1426,5,2,0.953015427769986,0.953028571020914,64.46270203590393,1.0123467445373535,ok,,0.0176370813118419,1_minus_roc_auc,,5703,4562,0,1426,0.1477405996993184,8,5e-06,True,64.41866111755371,full_train_epoch_chunks,full train set chunked per epoch | validation=dataset_val_split,30,1,epoch_chunk,0.9430324276950044,0.9430324276950044,0,True
drug_consumption,/home/crc00006699/zh/tabiclv2/data178/drug_consumption,multiclass,1507,302,377,12,7,0.403183023872679,0.2316968605998004,23.967089653015137,0.4764683246612549,ok,,1.5125163592279736,log_loss,,1507,1205,0,377,1.5001282691955566,8,5e-06,True,23.930110931396484,full_train_epoch_chunks,full train set chunked per epoch | validation=dataset_val_split,30,1,epoch_chunk,0.4039735099337748,0.4039735099337748,0,True
electricity,/home/crc00006699/zh/tabiclv2/data178/electricity,binclass,36249,7250,9063,8,2,0.9417411453161204,0.9417148350362148,5599.61732840538,25.34014391899109,ok,,0.0126395303408727,1_minus_roc_auc,,36249,28999,0,9063,0.279958407394588,60,5e-06,True,5599.327779531479,full_train_epoch_chunks,full train set chunked per epoch | validation=dataset_val_split,30,2,epoch_chunk,0.9164137931034484,0.9325517241379312,30,False
eye_movements_bin,/home/crc00006699/zh/tabiclv2/data178/eye_movements_bin,binclass,6086,1218,1522,20,2,0.9507227332457292,0.9507222014289912,539.5343384742737,2.4214537143707275,ok,,0.0074043248302169,1_minus_roc_auc,,6086,4868,0,1522,0.3701567729003727,30,5e-06,True,539.4082975387573,full_train_epoch_chunks,full train set chunked per epoch | validation=dataset_val_split,30,1,epoch_chunk,0.645320197044335,0.9203612479474548,30,False
gina_agnostic,/home/crc00006699/zh/tabiclv2/data178/gina_agnostic,binclass,0,0,0,0,0,,,0.0,0.0,fail,"OutOfMemoryError: CUDA out of memory. Tried to allocate 1.03 GiB. GPU 0 has a total capacity of 23.57 GiB of which 794.00 MiB is free. Process 44657 has 22.79 GiB memory in use. Of the allocated memory 22.34 GiB is allocated by PyTorch, and 136.11 MiB is reserved by PyTorch but unallocated. If reserved but unallocated memory is large try setting PYTORCH_CUDA_ALLOC_CONF=expandable_segments:True to avoid fragmentation.  See documentation for Memory Management  (https://pytorch.org/docs/stable/notes/cuda.html#environment-variables)",,,,0,0,0,0,,0,,False,0.0,,,0,0,,,,0,False
hill-valley,/home/crc00006699/zh/tabiclv2/data178/hill-valley,binclass,969,194,243,100,2,0.97119341563786,0.9711787714487684,133.2177963256836,1.0880870819091797,ok,,0.0008128979813033,1_minus_roc_auc,,969,775,0,243,0.0344581313402159,21,5e-06,True,133.073832988739,full_train_epoch_chunks,full train set chunked per epoch | validation=dataset_val_split,30,1,epoch_chunk,0.9381443298969072,0.9845360824742267,13,True
ibm-employee-performance,/home/crc00006699/zh/tabiclv2/data178/ibm-employee-performance,binclass,1176,236,294,30,2,1.0,1.0,29.128751516342163,0.5924935340881348,ok,,0.0,1_minus_roc_auc,,1176,940,0,294,1.7505474296797274e-06,8,5e-06,True,29.057694673538208,full_train_epoch_chunks,full train set chunked per epoch | validation=dataset_val_split,30,1,epoch_chunk,1.0,1.0,0,True
internet_usage,/home/crc00006699/zh/tabiclv2/data178/internet_usage,multiclass,8086,1618,2022,70,46,0.5499505440158259,0.4736042321329964,1.684760332107544,15.008931636810305,ok,,1.3632963446584834,log_loss,,8086,6468,0,2022,,0,5e-06,False,0.791741132736206,full_train_epoch_chunks,full train set chunked per epoch | validation=dataset_val_split | TTT training skipped because n_classes=46 exceeds model max_classes=10,0,0,epoch_chunk,,,0,False
kc1,/home/crc00006699/zh/tabiclv2/data178/kc1,binclass,1687,338,422,21,2,0.8744075829383886,0.8588279844358429,48.963520765304565,0.6539366245269775,ok,,0.1388924800689506,1_minus_roc_auc,,1687,1349,0,422,0.3437296841293573,12,5e-06,True,48.90532875061035,full_train_epoch_chunks,full train set chunked per epoch | validation=dataset_val_split,30,1,epoch_chunk,0.878698224852071,0.8846153846153846,4,True
kropt,/home/crc00006699/zh/tabiclv2/data178/kropt,multiclass,22444,4489,5612,6,18,0.9164290805416964,0.916335241288993,0.9661552906036376,25.20617175102234,ok,,0.2397020343461295,log_loss,,22444,17955,0,5612,,0,5e-06,False,0.4676771163940429,full_train_epoch_chunks,full train set chunked per epoch | validation=dataset_val_split | TTT training skipped because n_classes=18 exceeds model max_classes=10,0,0,epoch_chunk,,,0,False
letter,/home/crc00006699/zh/tabiclv2/data178/letter,multiclass,16000,3200,4000,15,26,0.99,0.9899971395278518,1.048200607299805,17.41359567642212,ok,,0.0263592699674518,log_loss,,16000,12800,0,4000,,0,5e-06,False,0.5069434642791748,full_train_epoch_chunks,full train set chunked per epoch | validation=dataset_val_split | TTT training skipped because n_classes=26 exceeds model max_classes=10,0,0,epoch_chunk,,,0,False
maternal_health_risk,/home/crc00006699/zh/tabiclv2/data178/maternal_health_risk,multiclass,811,163,203,6,3,0.8719211822660099,0.8701077326808658,17.28592586517334,0.5082724094390869,ok,,0.3323774817234611,log_loss,,811,648,0,203,0.4371988493949175,9,5e-06,True,17.259971618652344,full_train_epoch_chunks,full train set chunked per epoch | validation=dataset_val_split,30,1,epoch_chunk,0.8282208588957055,0.8343558282208589,1,True
mfeat-karhunen,/home/crc00006699/zh/tabiclv2/data178/mfeat-karhunen,multiclass,1600,320,400,64,10,0.975,0.975015727207024,88.500075340271,1.2379438877105713,ok,,0.0875404046904817,log_loss,,1600,1280,0,400,0.0346997646265663,12,5e-06,True,88.37615489959717,full_train_epoch_chunks,full train set chunked per epoch | validation=dataset_val_split,30,1,epoch_chunk,0.978125,0.98125,4,True
mfeat-zernike,/home/crc00006699/zh/tabiclv2/data178/mfeat-zernike,multiclass,1600,320,400,47,10,0.9075,0.9065096971148132,94.5818281173706,0.9934806823730468,ok,,0.2148665694750662,log_loss,,1600,1280,0,400,0.1912147519178688,17,5e-06,True,94.47653698921204,full_train_epoch_chunks,full train set chunked per epoch | validation=dataset_val_split,30,1,epoch_chunk,0.9,0.9125,9,True
mobile_c36_oversampling,/home/crc00006699/zh/tabiclv2/data178/mobile_c36_oversampling,binclass,41408,8282,10352,6,2,0.9938176197836168,0.993811875304539,1946.8543865680692,23.3739025592804,ok,,0.0006238823826897,1_minus_roc_auc,,41408,33126,0,10352,0.0314653589157387,24,5e-06,True,1946.6710455417635,full_train_epoch_chunks,full train set chunked per epoch | validation=dataset_val_split,30,2,epoch_chunk,0.9944457860420188,0.9948080173871046,4,True
national-longitudinal-survey-binary,/home/crc00006699/zh/tabiclv2/data178/national-longitudinal-survey-binary,binclass,3926,786,982,16,2,1.0,1.0,75.82468700408936,1.4079558849334717,ok,,0.0,1_minus_roc_auc,,3926,3140,0,982,0.0001843574314079,8,5e-06,True,75.74071025848389,full_train_epoch_chunks,full train set chunked per epoch | validation=dataset_val_split,30,1,epoch_chunk,1.0,1.0,0,True
one-hundred-plants-shape,/home/crc00006699/zh/tabiclv2/data178/one-hundred-plants-shape,multiclass,1280,256,320,64,100,0.840625,0.8301463293650793,0.9219341278076172,5.6302454471588135,ok,,0.5680515296233255,log_loss,,1280,1024,0,320,,0,5e-06,False,0.4612984657287597,full_train_epoch_chunks,full train set chunked per epoch | validation=dataset_val_split | TTT training skipped because n_classes=100 exceeds model max_classes=10,0,0,epoch_chunk,,,0,False
optdigits,/home/crc00006699/zh/tabiclv2/data178/optdigits,multiclass,4496,900,1124,64,10,0.9973309608540926,0.997330908588654,206.28310227394104,3.768548488616944,ok,,0.0089752454941223,log_loss,,4496,3596,0,1124,0.0165812732593622,9,5e-06,True,206.0330753326416,full_train_epoch_chunks,full train set chunked per epoch | validation=dataset_val_split,30,1,epoch_chunk,0.99,0.9922222222222222,1,True
pc1,/home/crc00006699/zh/tabiclv2/data178/pc1,binclass,887,178,222,21,2,0.945945945945946,0.9366302968198704,20.19145631790161,0.8554298877716064,ok,,0.1025764895330112,1_minus_roc_auc,,887,709,0,222,0.1841230052523315,8,5e-06,True,20.131365537643436,full_train_epoch_chunks,full train set chunked per epoch | validation=dataset_val_split,30,1,epoch_chunk,0.9325842696629212,0.9325842696629212,0,True
pendigits,/home/crc00006699/zh/tabiclv2/data178/pendigits,multiclass,8793,1759,2199,16,10,0.9972714870395636,0.9972742335430836,231.28910732269287,3.48997163772583,ok,,0.0120298719253893,log_loss,,8793,7034,0,2199,0.004954210940923,8,5e-06,True,231.1585967540741,full_train_epoch_chunks,full train set chunked per epoch | validation=dataset_val_split,30,1,epoch_chunk,0.9982944855031268,0.9982944855031268,0,True
predict_students_dropout_and_academic_success,/home/crc00006699/zh/tabiclv2/data178/predict_students_dropout_and_academic_success,multiclass,3539,708,885,34,3,0.784180790960452,0.7789871615924339,171.1278829574585,1.7602882385253906,ok,,0.5519447918142294,log_loss,,3539,2831,0,885,0.5502890404313803,15,5e-06,True,170.97247409820557,full_train_epoch_chunks,full train set chunked per epoch | validation=dataset_val_split,30,1,epoch_chunk,0.8022598870056498,0.8121468926553672,7,True
ringnorm,/home/crc00006699/zh/tabiclv2/data178/ringnorm,binclass,5920,1184,1480,20,2,0.9783783783783784,0.9783745075281124,191.5784089565277,2.369187116622925,ok,,0.0028052181440633,1_minus_roc_auc,,5920,4736,0,1480,0.0465884143486619,11,5e-06,True,191.467889547348,full_train_epoch_chunks,full train set chunked per epoch | validation=dataset_val_split,30,1,epoch_chunk,0.981418918918919,0.9822635135135136,3,True
segment,/home/crc00006699/zh/tabiclv2/data178/segment,multiclass,1848,370,462,17,7,0.9523809523809524,0.9523661343862664,47.60806846618652,0.6351022720336914,ok,,0.1410773681451296,log_loss,,1848,1478,0,462,0.0855577944312244,12,5e-06,True,47.55790257453919,full_train_epoch_chunks,full train set chunked per epoch | validation=dataset_val_split,30,1,epoch_chunk,0.9432432432432432,0.9513513513513514,4,True
shuttle,/home/crc00006699/zh/tabiclv2/data178/shuttle,multiclass,46400,9280,11600,9,7,0.9993103448275862,0.9993053493768193,2118.0554254055023,39.616984128952026,ok,,0.0010352882387268,log_loss,,46400,37120,0,11600,0.0006810756090089,16,5e-06,True,2117.7061100006104,full_train_epoch_chunks,full train set chunked per epoch | validation=dataset_val_split,30,2,epoch_chunk,0.9998922413793104,0.9998922413793104,0,True
sports_articles_for_objectivity_analysis,/home/crc00006699/zh/tabiclv2/data178/sports_articles_for_objectivity_analysis,binclass,800,160,200,59,2,0.845,0.8419021663172606,30.83200716972351,1.3646974563598633,ok,,0.1050587854600367,1_minus_roc_auc,,800,640,0,200,0.4527423158288002,8,5e-06,True,30.720256090164185,full_train_epoch_chunks,full train set chunked per epoch | validation=dataset_val_split,30,1,epoch_chunk,0.8375,0.8375,0,True
sylvine,/home/crc00006699/zh/tabiclv2/data178/sylvine,binclass,4099,820,1025,20,2,0.977560975609756,0.9775608474625496,85.88393497467041,1.576554298400879,ok,,0.0014657955653021,1_minus_roc_auc,,4099,3279,0,1025,0.0727274704258889,8,5e-06,True,85.79214596748352,full_train_epoch_chunks,full train set chunked per epoch | validation=dataset_val_split,30,1,epoch_chunk,0.9792682926829268,0.9792682926829268,0,True
texture,/home/crc00006699/zh/tabiclv2/data178/texture,multiclass,4400,880,1100,40,11,1.0,1.0,0.9767839908599854,5.589004278182983,ok,,4.266947737078856e-05,log_loss,,4400,3520,0,1100,,0,5e-06,False,0.4792940616607666,full_train_epoch_chunks,full train set chunked per epoch | validation=dataset_val_split | TTT training skipped because n_classes=11 exceeds model max_classes=10,0,0,epoch_chunk,,,0,False
thyroid-dis,/home/crc00006699/zh/tabiclv2/data178/thyroid-dis,multiclass,2240,448,560,26,5,0.6982142857142857,0.6783923802078972,47.53602361679077,0.9742724895477296,ok,,0.6946470903638317,log_loss,,2240,1792,0,560,0.6808900311589241,8,5e-06,True,47.44251775741577,full_train_epoch_chunks,full train set chunked per epoch | validation=dataset_val_split,30,1,epoch_chunk,0.7388392857142857,0.7388392857142857,0,True
vehicle,/home/crc00006699/zh/tabiclv2/data178/vehicle,multiclass,676,136,170,18,4,0.8764705882352941,0.874646619160595,35.71259951591492,0.6185860633850098,ok,,0.2583057617112118,log_loss,,676,540,0,170,0.2101029730401933,17,5e-06,True,35.67223834991455,full_train_epoch_chunks,full train set chunked per epoch | validation=dataset_val_split,30,1,epoch_chunk,0.9044117647058824,0.9191176470588236,9,True
wall-robot-navigation,/home/crc00006699/zh/tabiclv2/data178/wall-robot-navigation,multiclass,4364,873,1092,24,4,0.9935897435897436,0.9935906981990156,139.47902750968933,1.822049140930176,ok,,0.0140794450354226,log_loss,,4364,3491,0,1092,0.0299596265540458,11,5e-06,True,139.37115240097046,full_train_epoch_chunks,full train set chunked per epoch | validation=dataset_val_split,30,1,epoch_chunk,0.983963344788087,0.9851088201603666,3,True
waveform_database_generator,/home/crc00006699/zh/tabiclv2/data178/waveform_database_generator,multiclass,3999,800,1000,21,3,0.358,0.2271584469861655,249.60051941871643,1.5888004302978516,ok,,1.0984935039520596,log_loss,,3999,3199,0,1000,1.0971061140298843,24,5e-06,True,249.5123443603516,full_train_epoch_chunks,full train set chunked per epoch | validation=dataset_val_split,30,1,epoch_chunk,0.33125,0.34375,16,True
wine,/home/crc00006699/zh/tabiclv2/data178/wine,binclass,2043,409,511,4,2,0.786692759295499,0.7858267268299804,14.877542734146118,0.2581136226654053,ok,,0.1180147058823529,1_minus_roc_auc,,2043,1634,0,511,0.4448084514588117,8,5e-06,True,14.853793382644652,full_train_epoch_chunks,full train set chunked per epoch | validation=dataset_val_split,30,1,epoch_chunk,0.8312958435207825,0.8312958435207825,0,True
yeast,/home/crc00006699/zh/tabiclv2/data178/yeast,multiclass,1187,238,297,8,10,0.6296296296296297,0.6229150251146531,61.87443661689758,0.3455126285552978,ok,,0.970575905683764,log_loss,,1187,949,0,297,0.9691375717520714,27,5e-06,True,61.84315061569214,full_train_epoch_chunks,full train set chunked per epoch | validation=dataset_val_split,30,1,epoch_chunk,0.5546218487394958,0.5714285714285714,19,True
Amazon_employee_access,/home/crc00006699/zh/tabiclv2/data178/Amazon_employee_access,binclass,26215,5243,6554,7,2,0.9447665547757096,0.9323452793584468,3971.00097155571,12.883415460586548,ok,,0.1654045912426691,1_minus_roc_auc,,26215,20972,0,6554,0.2218231996521353,60,5e-06,True,3970.780950307846,full_train_epoch_chunks,full train set chunked per epoch | validation=dataset_val_split,30,2,epoch_chunk,0.9488842265878314,0.9515544535571238,30,False
BNG(cmc),/home/crc00006699/zh/tabiclv2/data178/BNG(cmc),multiclass,0,0,0,0,0,,,0.0,0.0,fail,"OutOfMemoryError: CUDA out of memory. Tried to allocate 2.00 MiB. GPU 0 has a total capacity of 23.57 GiB of which 2.00 MiB is free. Process 44658 has 23.56 GiB memory in use. Of the allocated memory 19.64 GiB is allocated by PyTorch, and 3.61 GiB is reserved by PyTorch but unallocated. If reserved but unallocated memory is large try setting PYTORCH_CUDA_ALLOC_CONF=expandable_segments:True to avoid fragmentation.  See documentation for Memory Management  (https://pytorch.org/docs/stable/notes/cuda.html#environment-variables)",,,,0,0,0,0,,0,,False,0.0,,,0,0,,,,0,False
Basketball_c,/home/crc00006699/zh/tabiclv2/data178/Basketball_c,binclass,1072,215,268,11,2,0.7164179104477612,0.7146382129160544,43.99434566497803,0.3527295589447021,ok,,0.256467044649185,1_minus_roc_auc,,1072,857,0,268,0.6135827135294676,19,5e-06,True,43.96201705932617,full_train_epoch_chunks,full train set chunked per epoch | validation=dataset_val_split,30,1,epoch_chunk,0.7534883720930232,0.7627906976744186,11,True
Click_prediction_small,/home/crc00006699/zh/tabiclv2/data178/Click_prediction_small,binclass,31958,6392,7990,3,2,0.8334167709637046,0.762274813109356,861.2642426490784,7.290446043014526,ok,,0.3735559371402142,1_minus_roc_auc,,31958,25566,0,7990,0.4329749904572963,28,5e-06,True,861.1744821071625,full_train_epoch_chunks,full train set chunked per epoch | validation=dataset_val_split,30,2,epoch_chunk,0.8322903629536921,0.8327596996245307,6,True
Diabetic_Retinopathy_Debrecen,/home/crc00006699/zh/tabiclv2/data178/Diabetic_Retinopathy_Debrecen,binclass,920,184,231,19,2,0.7402597402597403,0.739887282528792,20.14803147315979,0.8711533546447754,ok,,0.161547726588377,1_minus_roc_auc,,920,736,0,231,0.4126488789916038,8,5e-06,True,20.10179734230041,full_train_epoch_chunks,full train set chunked per epoch | validation=dataset_val_split,30,1,epoch_chunk,0.75,0.75,0,True
FICO-HELOC-cleaned,/home/crc00006699/zh/tabiclv2/data178/FICO-HELOC-cleaned,binclass,7896,1580,1975,23,2,0.7549367088607595,0.7546711509554379,224.29938220977783,3.5017428398132324,ok,,0.1736309418643349,1_minus_roc_auc,,7896,6316,0,1975,0.5204612705856562,8,5e-06,True,224.13238787651065,full_train_epoch_chunks,full train set chunked per epoch | validation=dataset_val_split,30,1,epoch_chunk,0.7493670886075949,0.7493670886075949,0,True
FOREX_audchf-day-High,/home/crc00006699/zh/tabiclv2/data178/FOREX_audchf-day-High,binclass,1466,294,367,10,2,0.7520435967302452,0.752054642788972,38.373632192611694,0.4340081214904785,ok,,0.1598942553317888,1_minus_roc_auc,,1466,1172,0,367,0.5251205805689096,14,5e-06,True,38.33545017242432,full_train_epoch_chunks,full train set chunked per epoch | validation=dataset_val_split,30,1,epoch_chunk,0.7142857142857143,0.7244897959183674,6,True
FOREX_audsgd-hour-High,/home/crc00006699/zh/tabiclv2/data178/FOREX_audsgd-hour-High,binclass,35060,7012,8765,10,2,0.7124928693667998,0.712502195352838,5418.80188703537,24.76790952682495,ok,,0.210470096827771,1_minus_roc_auc,,35060,28048,0,8765,0.5765517540276051,58,5e-06,True,5418.464160203934,full_train_epoch_chunks,full train set chunked per epoch | validation=dataset_val_split,30,2,epoch_chunk,0.7137763833428409,0.7194808899030234,21,True
FOREX_cadjpy-hour-High,/home/crc00006699/zh/tabiclv2/data178/FOREX_cadjpy-hour-High,binclass,35060,7012,8765,10,2,0.7168282943525385,0.7168328558199687,4297.906287670136,24.77190470695496,ok,,0.208988863097098,1_minus_roc_auc,,35060,28048,0,8765,0.5499532390385866,46,5e-06,True,4297.628052949905,full_train_epoch_chunks,full train set chunked per epoch | validation=dataset_val_split,30,2,epoch_chunk,0.7119224187107815,0.7183399885909869,15,True
GAMETES_Epistasis_2-Way_20atts_0.1H_EDM-1_1,/home/crc00006699/zh/tabiclv2/data178/GAMETES_Epistasis_2-Way_20atts_0.1H_EDM-1_1,binclass,1280,256,320,20,2,0.678125,0.6727529066015349,37.06421828269959,0.5299680233001709,ok,,0.2617968749999999,1_minus_roc_auc,,1280,1024,0,320,0.6108961887657642,12,5e-06,True,37.00019001960754,full_train_epoch_chunks,full train set chunked per epoch | validation=dataset_val_split,30,1,epoch_chunk,0.6484375,0.65625,4,True
GesturePhaseSegmentationProcessed,/home/crc00006699/zh/tabiclv2/data178/GesturePhaseSegmentationProcessed,multiclass,7898,1580,1975,32,5,0.8420253164556962,0.8411706757484785,798.1843161582947,4.028531312942505,ok,,0.4321281234690792,log_loss,,7898,6318,0,1975,0.6110010854899883,25,5e-06,True,797.9714410305023,full_train_epoch_chunks,full train set chunked per epoch | validation=dataset_val_split,30,1,epoch_chunk,0.790506329113924,0.810126582278481,17,True
INNHotelsGroup,/home/crc00006699/zh/tabiclv2/data178/INNHotelsGroup,binclass,0,0,0,0,0,,,0.0,0.0,fail,"OutOfMemoryError: CUDA out of memory. Tried to allocate 40.00 MiB. GPU 0 has a total capacity of 23.57 GiB of which 24.00 MiB is free. Process 44658 has 23.54 GiB memory in use. Of the allocated memory 22.75 GiB is allocated by PyTorch, and 484.07 MiB is reserved by PyTorch but unallocated. If reserved but unallocated memory is large try setting PYTORCH_CUDA_ALLOC_CONF=expandable_segments:True to avoid fragmentation.  See documentation for Memory Management  (https://pytorch.org/docs/stable/notes/cuda.html#environment-variables)",,,,0,0,0,0,,0,,False,0.0,,,0,0,,,,0,False
KDDCup09_upselling,/home/crc00006699/zh/tabiclv2/data178/KDDCup09_upselling,binclass,4102,821,1026,49,2,0.8109161793372319,0.8091752055466928,137.9901168346405,2.5244858264923096,ok,,0.088640759359955,1_minus_roc_auc,,4102,3281,0,1026,0.3863673415035009,8,5e-06,True,137.78117775917053,full_train_epoch_chunks,full train set chunked per epoch | validation=dataset_val_split,30,1,epoch_chunk,0.8136419001218027,0.8136419001218027,0,True
Marketing_Campaign,/home/crc00006699/zh/tabiclv2/data178/Marketing_Campaign,binclass,1792,359,448,27,2,0.8839285714285714,0.8741572521865889,36.82688426971436,0.7837963104248047,ok,,0.0738629686214596,1_minus_roc_auc,,1792,1433,0,448,0.2143178270198404,8,5e-06,True,36.75160026550293,full_train_epoch_chunks,full train set chunked per epoch | validation=dataset_val_split,30,1,epoch_chunk,0.9108635097493036,0.9108635097493036,0,True
PhishingWebsites,/home/crc00006699/zh/tabiclv2/data178/PhishingWebsites,binclass,8844,1769,2211,30,2,0.9782903663500678,0.9782632811243964,772.6079037189484,4.775928974151611,ok,,0.0013942538835193,1_minus_roc_auc,,8844,7075,0,2211,0.057934240438044,21,5e-06,True,772.3314237594604,full_train_epoch_chunks,full train set chunked per epoch | validation=dataset_val_split,30,1,epoch_chunk,0.9768230638778972,0.979649519502544,13,True
PizzaCutter3,/home/crc00006699/zh/tabiclv2/data178/PizzaCutter3,binclass,834,167,209,37,2,0.8899521531100478,0.8463166234064067,31.224601984024048,1.1341793537139893,ok,,0.1097826086956521,1_minus_roc_auc,,834,667,0,209,0.3058040579780936,10,5e-06,True,31.15415668487549,full_train_epoch_chunks,full train set chunked per epoch | validation=dataset_val_split,30,1,epoch_chunk,0.8922155688622755,0.8982035928143712,2,True
Rain_in_Australia,/home/crc00006699/zh/tabiclv2/data178/Rain_in_Australia,multiclass,0,0,0,0,0,,,0.0,0.0,fail,"OutOfMemoryError: CUDA out of memory. Tried to allocate 40.00 MiB. GPU 0 has a total capacity of 23.57 GiB of which 30.00 MiB is free. Process 44658 has 23.53 GiB memory in use. Of the allocated memory 22.74 GiB is allocated by PyTorch, and 491.06 MiB is reserved by PyTorch but unallocated. If reserved but unallocated memory is large try setting PYTORCH_CUDA_ALLOC_CONF=expandable_segments:True to avoid fragmentation.  See documentation for Memory Management  (https://pytorch.org/docs/stable/notes/cuda.html#environment-variables)",,,,0,0,0,0,,0,,False,0.0,,,0,0,,,,0,False
Telecom_Churn_Dataset,/home/crc00006699/zh/tabiclv2/data178/Telecom_Churn_Dataset,binclass,2666,534,667,17,2,0.9610194902548724,0.9601297177498206,49.49070382118225,1.008103370666504,ok,,0.0689274733224816,1_minus_roc_auc,,2666,2132,0,667,0.0993414411786943,8,5e-06,True,49.42776036262512,full_train_epoch_chunks,full train set chunked per epoch | validation=dataset_val_split,30,1,epoch_chunk,0.9644194756554308,0.9644194756554308,0,True
Wilt,/home/crc00006699/zh/tabiclv2/data178/Wilt,binclass,3856,772,965,5,2,0.9927461139896372,0.9926443320683423,42.818727016448975,0.6638698577880859,ok,,0.0080040441486224,1_minus_roc_auc,,3856,3084,0,965,0.03447125852108,9,5e-06,True,42.78122901916504,full_train_epoch_chunks,full train set chunked per epoch | validation=dataset_val_split,30,1,epoch_chunk,0.9870466321243524,0.9883419689119172,1,True
ada,/home/crc00006699/zh/tabiclv2/data178/ada,binclass,3317,664,830,48,2,0.863855421686747,0.8605230517179491,174.89103078842163,1.9797794818878172,ok,,0.0792257903908388,1_minus_roc_auc,,3317,2653,0,830,0.3375658160075545,14,5e-06,True,174.75825428962708,full_train_epoch_chunks,full train set chunked per epoch | validation=dataset_val_split,30,1,epoch_chunk,0.8689759036144579,0.8795180722891566,6,True
airlines_seed_0_nrows_2000_nclasses_10_ncols_100_stratify_True,/home/crc00006699/zh/tabiclv2/data178/airlines_seed_0_nrows_2000_nclasses_10_ncols_100_stratify_True,binclass,1600,320,400,7,2,0.6025,0.5905317440915487,29.063883543014526,0.3918352127075195,ok,,0.3255263690656949,1_minus_roc_auc,,1600,1280,0,400,0.631160905584693,12,5e-06,True,29.02566957473755,full_train_epoch_chunks,full train set chunked per epoch | validation=dataset_val_split,30,1,epoch_chunk,0.659375,0.6625,4,True
analcatdata_authorship,/home/crc00006699/zh/tabiclv2/data178/analcatdata_authorship,multiclass,672,135,169,69,4,0.9940828402366864,0.9940804879569156,31.268841981887817,0.6581234931945801,ok,,0.0105286731713866,log_loss,,672,537,0,169,0.0006849949663774,8,5e-06,True,31.1587233543396,full_train_epoch_chunks,full train set chunked per epoch | validation=dataset_val_split,30,1,epoch_chunk,1.0,1.0,0,True
autoUniv-au7-1100,/home/crc00006699/zh/tabiclv2/data178/autoUniv-au7-1100,multiclass,880,176,220,12,5,0.4090909090909091,0.3888925460387546,17.25717830657959,0.6902360916137695,ok,,1.340221482028526,log_loss,,880,704,0,220,1.3007434718310833,8,5e-06,True,17.219518423080444,full_train_epoch_chunks,full train set chunked per epoch | validation=dataset_val_split,30,1,epoch_chunk,0.5227272727272727,0.5227272727272727,0,True
baseball,/home/crc00006699/zh/tabiclv2/data178/baseball,multiclass,1072,215,268,16,3,0.9440298507462688,0.9342657264063036,28.535322427749637,0.4145967960357666,ok,,0.1324824841221016,log_loss,,1072,857,0,268,0.1435740636661648,11,5e-06,True,28.49161100387573,full_train_epoch_chunks,full train set chunked per epoch | validation=dataset_val_split,30,1,epoch_chunk,0.9534883720930232,0.958139534883721,3,True
cmc,/home/crc00006699/zh/tabiclv2/data178/cmc,multiclass,1178,236,295,9,3,0.5966101694915255,0.5933310521281714,30.96314120292664,0.3549678325653076,ok,,0.8675994018637966,log_loss,,1178,942,0,295,0.8889579363167286,13,5e-06,True,30.926034688949585,full_train_epoch_chunks,full train set chunked per epoch | validation=dataset_val_split,30,1,epoch_chunk,0.5466101694915254,0.5508474576271186,5,True
contraceptive_method_choice,/home/crc00006699/zh/tabiclv2/data178/contraceptive_method_choice,multiclass,1178,236,295,9,3,0.6271186440677966,0.626184104328618,37.97570657730103,0.3657398223876953,ok,,0.8203665046750916,log_loss,,1178,942,0,295,0.899819802492857,16,5e-06,True,37.942445039749146,full_train_epoch_chunks,full train set chunked per epoch | validation=dataset_val_split,30,1,epoch_chunk,0.538135593220339,0.5423728813559322,8,True
dabetes_130-us_hospitals,/home/crc00006699/zh/tabiclv2/data178/dabetes_130-us_hospitals,binclass,0,0,0,0,0,,,0.0,0.0,fail,"OutOfMemoryError: CUDA out of memory. Tried to allocate 40.00 MiB. GPU 0 has a total capacity of 23.57 GiB of which 28.00 MiB is free. Process 44658 has 23.54 GiB memory in use. Of the allocated memory 22.80 GiB is allocated by PyTorch, and 432.35 MiB is reserved by PyTorch but unallocated. If reserved but unallocated memory is large try setting PYTORCH_CUDA_ALLOC_CONF=expandable_segments:True to avoid fragmentation.  See documentation for Memory Management  (https://pytorch.org/docs/stable/notes/cuda.html#environment-variables)",,,,0,0,0,0,,0,,False,0.0,,,0,0,,,,0,False
dis,/home/crc00006699/zh/tabiclv2/data178/dis,binclass,3017,604,755,29,2,0.990728476821192,0.9900755651821972,196.2121112346649,1.3510360717773438,ok,,0.0056078959174518,1_minus_roc_auc,,3017,2413,0,755,0.0325578866177238,23,5e-06,True,196.10512232780457,full_train_epoch_chunks,full train set chunked per epoch | validation=dataset_val_split,30,1,epoch_chunk,0.9850993377483444,0.9950331125827816,15,True
dry_bean_dataset,/home/crc00006699/zh/tabiclv2/data178/dry_bean_dataset,multiclass,10888,2178,2723,16,7,0.9287550495776716,0.928732548177597,327.0741574764252,4.642057657241821,ok,,0.1859349155547139,log_loss,,10888,8710,0,2723,0.1676537003368139,8,5e-06,True,326.90969800949097,full_train_epoch_chunks,full train set chunked per epoch | validation=dataset_val_split,30,1,epoch_chunk,0.9325068870523416,0.9325068870523416,0,True
estimation_of_obesity_levels,/home/crc00006699/zh/tabiclv2/data178/estimation_of_obesity_levels,multiclass,1688,338,423,16,7,0.9905437352245864,0.9905622153790828,64.91549921035767,0.6084232330322266,ok,,0.0218484051177838,log_loss,,1688,1350,0,423,0.0382701997878029,18,5e-06,True,64.86520171165466,full_train_epoch_chunks,full train set chunked per epoch | validation=dataset_val_split,30,1,epoch_chunk,0.9822485207100592,0.9911242603550297,10,True
first-order-theorem-proving,/home/crc00006699/zh/tabiclv2/data178/first-order-theorem-proving,multiclass,4894,979,1224,51,6,0.6495098039215687,0.6332639614517086,446.93682289123535,3.4155776500701904,ok,,1.0131087492234632,log_loss,,4894,3915,0,1224,1.1348651684820652,21,5e-06,True,446.7165257930756,full_train_epoch_chunks,full train set chunked per epoch | validation=dataset_val_split,30,1,epoch_chunk,0.6302349336057201,0.6363636363636364,13,True
golf_play_dataset_extended,/home/crc00006699/zh/tabiclv2/data178/golf_play_dataset_extended,binclass,876,176,219,9,2,0.9452054794520548,0.9452054794520548,16.207901000976562,0.6389498710632324,ok,,0.0194772555918572,1_minus_roc_auc,,876,700,0,219,0.0972041618078947,8,5e-06,True,16.171951055526733,full_train_epoch_chunks,full train set chunked per epoch | validation=dataset_val_split,30,1,epoch_chunk,0.9204545454545454,0.9204545454545454,0,True
house_16H,/home/crc00006699/zh/tabiclv2/data178/house_16H,binclass,10790,2158,2698,16,2,0.8921423276501111,0.8921411274407646,927.094217300415,4.580933332443237,ok,,0.0415482242289129,1_minus_roc_auc,,10790,8632,0,2698,0.2519884333014488,23,5e-06,True,926.9332296848296,full_train_epoch_chunks,full train set chunked per epoch | validation=dataset_val_split,30,1,epoch_chunk,0.8822984244670992,0.8873957367933272,15,True
in_vehicle_coupon_recommendation,/home/crc00006699/zh/tabiclv2/data178/in_vehicle_coupon_recommendation,binclass,10147,2030,2537,21,2,0.7891210090658258,0.7878466248832556,581.9442298412323,4.557376384735107,ok,,0.1372652771708498,1_minus_roc_auc,,10147,8117,0,2537,0.4869465921074152,15,5e-06,True,581.6942448616028,full_train_epoch_chunks,full train set chunked per epoch | validation=dataset_val_split,30,1,epoch_chunk,0.7640394088669951,0.767487684729064,7,True
jm1,/home/crc00006699/zh/tabiclv2/data178/jm1,binclass,8708,1742,2177,21,2,0.8208543867707855,0.7841275233814309,346.15932726860046,3.8308939933776855,ok,,0.2358591378592027,1_minus_roc_auc,,8708,6966,0,2177,0.4191650627180934,11,5e-06,True,345.9917161464691,full_train_epoch_chunks,full train set chunked per epoch | validation=dataset_val_split,30,1,epoch_chunk,0.8214695752009185,0.8266360505166476,3,True
kdd_ipums_la_97-small,/home/crc00006699/zh/tabiclv2/data178/kdd_ipums_la_97-small,binclass,4150,830,1038,20,2,0.8901734104046243,0.8896424374685244,260.5434319972992,1.6108953952789309,ok,,0.0489361860105953,1_minus_roc_auc,,4150,3320,0,1038,0.2663140762597322,23,5e-06,True,260.460022687912,full_train_epoch_chunks,full train set chunked per epoch | validation=dataset_val_split,30,1,epoch_chunk,0.8795180722891566,0.8879518072289156,15,True
led24,/home/crc00006699/zh/tabiclv2/data178/led24,multiclass,2560,512,640,24,10,0.725,0.7200767511877059,171.94562768936157,1.0976190567016602,ok,,0.7747455463076218,log_loss,,2560,2048,0,640,0.8349487148225307,26,5e-06,True,171.85099005699158,full_train_epoch_chunks,full train set chunked per epoch | validation=dataset_val_split,30,1,epoch_chunk,0.71484375,0.728515625,18,True
madeline,/home/crc00006699/zh/tabiclv2/data178/madeline,binclass,0,0,0,0,0,,,0.0,0.0,fail,"OutOfMemoryError: CUDA out of memory. Tried to allocate 252.00 MiB. GPU 0 has a total capacity of 23.57 GiB of which 58.00 MiB is free. Process 44658 has 23.51 GiB memory in use. Of the allocated memory 22.04 GiB is allocated by PyTorch, and 1.15 GiB is reserved by PyTorch but unallocated. If reserved but unallocated memory is large try setting PYTORCH_CUDA_ALLOC_CONF=expandable_segments:True to avoid fragmentation.  See documentation for Memory Management  (https://pytorch.org/docs/stable/notes/cuda.html#environment-variables)",,,,0,0,0,0,,0,,False,0.0,,,0,0,,,,0,False
mfeat-factors,/home/crc00006699/zh/tabiclv2/data178/mfeat-factors,multiclass,1600,320,400,216,10,0.9825,0.9824984372558212,169.38597059249878,4.339666843414307,ok,,0.0771859844887558,log_loss,,1600,1280,0,400,0.0405956987524405,8,5e-06,True,169.0123519897461,full_train_epoch_chunks,full train set chunked per epoch | validation=dataset_val_split,30,1,epoch_chunk,0.984375,0.984375,0,True
mfeat-morphological,/home/crc00006699/zh/tabiclv2/data178/mfeat-morphological,multiclass,1600,320,400,6,10,0.77,0.7619729916146867,21.293952226638797,0.4221196174621582,ok,,0.4927334706374584,log_loss,,1600,1280,0,400,0.7256335876882076,8,5e-06,True,21.26373696327209,full_train_epoch_chunks,full train set chunked per epoch | validation=dataset_val_split,30,1,epoch_chunk,0.753125,0.753125,0,True
mice_protein_expression,/home/crc00006699/zh/tabiclv2/data178/mice_protein_expression,multiclass,864,173,216,75,8,1.0,1.0,39.76906371116638,0.8550775051116943,ok,,1.6068522330736386e-06,log_loss,,864,691,0,216,0.0002579433769938,8,5e-06,True,39.652615547180176,full_train_epoch_chunks,full train set chunked per epoch | validation=dataset_val_split,30,1,epoch_chunk,1.0,1.0,0,True
mozilla4,/home/crc00006699/zh/tabiclv2/data178/mozilla4,binclass,12436,2488,3109,4,2,0.9469282727565134,0.9464636014971514,475.3980233669281,2.205413341522217,ok,,0.0213510718200546,1_minus_roc_auc,,12436,9948,0,3109,0.1744594741612672,22,5e-06,True,475.33189964294434,full_train_epoch_chunks,full train set chunked per epoch | validation=dataset_val_split,30,1,epoch_chunk,0.9409163987138264,0.9437299035369776,14,True
okcupid_stem,/home/crc00006699/zh/tabiclv2/data178/okcupid_stem,multiclass,21341,4269,5336,13,3,0.7488755622188905,0.6988314232042844,3602.6737389564514,11.52259111404419,ok,,0.5886959197074025,log_loss,,21341,17072,0,5336,0.5802363436669111,30,5e-06,True,3602.3847727775574,full_train_epoch_chunks,full train set chunked per epoch | validation=dataset_val_split,30,1,epoch_chunk,0.7519325368938862,0.7554462403373156,22,True
one-hundred-plants-texture,/home/crc00006699/zh/tabiclv2/data178/one-hundred-plants-texture,multiclass,1279,256,320,64,100,0.928125,0.9280704365079364,1.054610013961792,5.6468799114227295,ok,,0.2260649407250755,log_loss,,1279,1023,0,320,,0,5e-06,False,0.4650275707244873,full_train_epoch_chunks,full train set chunked per epoch | validation=dataset_val_split | TTT training skipped because n_classes=100 exceeds model max_classes=10,0,0,epoch_chunk,,,0,False
ozone-level-8hr,/home/crc00006699/zh/tabiclv2/data178/ozone-level-8hr,binclass,2027,406,507,72,2,0.9566074950690336,0.9497347691327624,144.52113604545593,1.6513147354125977,ok,,0.0527631578947367,1_minus_roc_auc,,2027,1621,0,507,0.1553051453083753,14,5e-06,True,144.35992431640625,full_train_epoch_chunks,full train set chunked per epoch | validation=dataset_val_split,30,1,epoch_chunk,0.9458128078817734,0.9507389162561576,6,True
pc3,/home/crc00006699/zh/tabiclv2/data178/pc3,binclass,1250,250,313,37,2,0.9009584664536742,0.8713234468060816,34.02215647697449,0.7001488208770752,ok,,0.1609208185053381,1_minus_roc_auc,,1250,1000,0,313,0.2261883406899869,8,5e-06,True,33.944557428359985,full_train_epoch_chunks,full train set chunked per epoch | validation=dataset_val_split,30,1,epoch_chunk,0.892,0.892,0,True
phoneme,/home/crc00006699/zh/tabiclv2/data178/phoneme,binclass,4323,865,1081,5,2,0.9019426456984274,0.9017593647220504,51.5077166557312,0.7597784996032715,ok,,0.0340438006837663,1_minus_roc_auc,,4323,3458,0,1081,0.1713339546695351,9,5e-06,True,51.46936702728272,full_train_epoch_chunks,full train set chunked per epoch | validation=dataset_val_split,30,1,epoch_chunk,0.9283236994219654,0.930635838150289,1,True
qsar,/home/crc00006699/zh/tabiclv2/data178/qsar,binclass,844,169,211,40,2,0.9004739336492891,0.8995308002250411,26.50324845314026,1.175869703292847,ok,,0.045271629778672,1_minus_roc_auc,,844,675,0,211,0.2498009018599987,8,5e-06,True,26.42250061035156,full_train_epoch_chunks,full train set chunked per epoch | validation=dataset_val_split,30,1,epoch_chunk,0.8875739644970414,0.8875739644970414,0,True
rl,/home/crc00006699/zh/tabiclv2/data178/rl,binclass,3976,796,994,12,2,0.908450704225352,0.9084483877203796,122.10051321983336,1.2486684322357178,ok,,0.0416928128124884,1_minus_roc_auc,,3976,3180,0,994,0.3071482321247458,14,5e-06,True,122.03554677963255,full_train_epoch_chunks,full train set chunked per epoch | validation=dataset_val_split,30,1,epoch_chunk,0.8793969849246231,0.8907035175879398,6,True
seismic+bumps,/home/crc00006699/zh/tabiclv2/data178/seismic+bumps,binclass,2067,414,517,18,2,0.9342359767891684,0.9024719535783364,36.1815721988678,0.7408170700073242,ok,,0.2797162343198148,1_minus_roc_auc,,2067,1653,0,517,0.1886345818638801,8,5e-06,True,36.12348198890686,full_train_epoch_chunks,full train set chunked per epoch | validation=dataset_val_split,30,1,epoch_chunk,0.9347826086956522,0.9347826086956522,0,True
spambase,/home/crc00006699/zh/tabiclv2/data178/spambase,binclass,3680,736,921,57,2,0.9587404994571118,0.9587793314498372,221.55686569213867,2.474950790405273,ok,,0.0079929302803203,1_minus_roc_auc,,3680,2944,0,921,0.1032306689303368,14,5e-06,True,221.3848087787628,full_train_epoch_chunks,full train set chunked per epoch | validation=dataset_val_split,30,1,epoch_chunk,0.9633152173913044,0.9660326086956522,6,True
statlog,/home/crc00006699/zh/tabiclv2/data178/statlog,binclass,800,160,200,20,2,0.73,0.7165280665280664,18.977622747421265,0.7573902606964111,ok,,0.2401190476190475,1_minus_roc_auc,,800,640,0,200,0.4537084717303514,8,5e-06,True,18.923298835754395,full_train_epoch_chunks,full train set chunked per epoch | validation=dataset_val_split,30,1,epoch_chunk,0.76875,0.76875,0,True
taiwanese_bankruptcy_prediction,/home/crc00006699/zh/tabiclv2/data178/taiwanese_bankruptcy_prediction,binclass,5455,1091,1364,95,2,0.9706744868035192,0.964668586501464,620.8877003192902,6.251588106155396,ok,,0.0723226584022037,1_minus_roc_auc,,5455,4364,0,1364,0.0874876040033996,16,5e-06,True,620.4687595367432,full_train_epoch_chunks,full train set chunked per epoch | validation=dataset_val_split,30,1,epoch_chunk,0.9679193400549956,0.9715857011915674,8,True
thyroid,/home/crc00006699/zh/tabiclv2/data178/thyroid,multiclass,5760,1152,1440,21,3,0.9958333333333332,0.995835174762004,207.07215690612796,2.375275135040283,ok,,0.0112608320047738,log_loss,,5760,4608,0,1440,0.0087089860608102,12,5e-06,True,206.97781658172607,full_train_epoch_chunks,full train set chunked per epoch | validation=dataset_val_split,30,1,epoch_chunk,0.9939236111111112,0.9947916666666666,4,True
turiye_student_evaluation,/home/crc00006699/zh/tabiclv2/data178/turiye_student_evaluation,multiclass,4656,932,1164,32,5,0.5197594501718213,0.4909348424900532,126.3159921169281,2.23111629486084,ok,,1.180002798094108,log_loss,,4656,3724,0,1164,1.1892214193940165,8,5e-06,True,126.17388606071472,full_train_epoch_chunks,full train set chunked per epoch | validation=dataset_val_split,30,1,epoch_chunk,0.5118025751072961,0.5118025751072961,0,True
volkert,/home/crc00006699/zh/tabiclv2/data178/volkert,multiclass,46648,9330,11662,180,10,0.7511576058995026,0.7464453240897367,5.69538140296936,209.2015256881714,ok,,0.7120076977564387,log_loss,,46648,0,0,11662,,0,5e-06,False,0.0,,TTT skipped for dataset=volkert to avoid OOM,0,0,,,,0,False
water_quality,/home/crc00006699/zh/tabiclv2/data178/water_quality,binclass,6396,1280,1600,20,2,0.911875,0.9001129884094757,146.70664739608765,2.439625024795532,ok,,0.0891559075621134,1_minus_roc_auc,,6396,5116,0,1600,0.2400781228207051,8,5e-06,True,146.618825674057,full_train_epoch_chunks,full train set chunked per epoch | validation=dataset_val_split,30,1,epoch_chunk,0.89609375,0.89609375,0,True
waveform_database_generator_version_1,/home/crc00006699/zh/tabiclv2/data178/waveform_database_generator_version_1,multiclass,4000,800,1000,21,3,0.871,0.8705334846679682,85.58029222488403,1.586214303970337,ok,,0.2924337073546543,log_loss,,4000,3200,0,1000,0.2614504313096404,8,5e-06,True,85.49048280715942,full_train_epoch_chunks,full train set chunked per epoch | validation=dataset_val_split,30,1,epoch_chunk,0.85875,0.85875,0,True
wine-quality-red,/home/crc00006699/zh/tabiclv2/data178/wine-quality-red,multiclass,1279,256,320,4,6,0.675,0.6598341154078093,20.47667598724365,0.3206994533538818,ok,,0.8071659112856887,log_loss,,1279,1023,0,320,0.7830860875546932,9,5e-06,True,20.45063853263855,full_train_epoch_chunks,full train set chunked per epoch | validation=dataset_val_split,30,1,epoch_chunk,0.65625,0.66015625,1,True
BLE_RSSI_dataset_for_Indoor_localization,/home/crc00006699/zh/tabiclv2/data178/BLE_RSSI_dataset_for_Indoor_localization,multiclass,7987,1598,1997,3,3,0.7766649974962444,0.7763819159827615,346.4986181259155,1.3575222492218018,ok,,0.5129841211622246,log_loss,,7987,6389,0,1997,0.5472536012530327,30,5e-06,True,346.4659342765808,full_train_epoch_chunks,full train set chunked per epoch | validation=dataset_val_split,30,1,epoch_chunk,0.7509386733416771,0.7834793491864831,26,False
BNG(tic-tac-toe),/home/crc00006699/zh/tabiclv2/data178/BNG(tic-tac-toe),binclass,31492,6299,7874,9,2,0.8147066294132588,0.8126935701163973,1339.0237860679626,20.4138708114624,ok,,0.1171991194811973,1_minus_roc_auc,,31492,25193,0,7874,0.44578308891505,16,5e-06,True,1338.7075130939484,full_train_epoch_chunks,full train set chunked per epoch | validation=dataset_val_split,30,2,epoch_chunk,0.8088585489760279,0.8088585489760279,0,True
California-Housing-Classification,/home/crc00006699/zh/tabiclv2/data178/California-Housing-Classification,binclass,16512,3303,4128,8,2,0.9249031007751938,0.9249027482142128,1659.4049048423767,7.119688987731934,ok,,0.0193630658471231,1_minus_roc_auc,,16512,13209,0,4128,0.1876077810302376,23,5e-06,True,1659.2667787075045,full_train_epoch_chunks,full train set chunked per epoch | validation=dataset_val_split,30,1,epoch_chunk,0.916439600363306,0.9215864365728126,15,True
Credit_c,/home/crc00006699/zh/tabiclv2/data178/Credit_c,multiclass,0,0,0,0,0,,,0.0,0.0,fail,"OutOfMemoryError: CUDA out of memory. Tried to allocate 80.00 MiB. GPU 0 has a total capacity of 23.57 GiB of which 50.00 MiB is free. Process 44659 has 23.51 GiB memory in use. Of the allocated memory 22.98 GiB is allocated by PyTorch, and 221.48 MiB is reserved by PyTorch but unallocated. If reserved but unallocated memory is large try setting PYTORCH_CUDA_ALLOC_CONF=expandable_segments:True to avoid fragmentation.  See documentation for Memory Management  (https://pytorch.org/docs/stable/notes/cuda.html#environment-variables)",,,,0,0,0,0,,0,,False,0.0,,,0,0,,,,0,False
E-CommereShippingData,/home/crc00006699/zh/tabiclv2/data178/E-CommereShippingData,binclass,8799,1760,2200,10,2,0.6777272727272727,0.6654866223896462,472.190215587616,3.0627291202545166,ok,,0.2801951862864718,1_minus_roc_auc,,8799,7039,0,2200,0.4911956945434212,18,5e-06,True,472.0916504859924,full_train_epoch_chunks,full train set chunked per epoch | validation=dataset_val_split,30,1,epoch_chunk,0.6840909090909091,0.6863636363636364,10,True
FOREX_audcad-day-High,/home/crc00006699/zh/tabiclv2/data178/FOREX_audcad-day-High,binclass,1467,294,367,10,2,0.7465940054495913,0.7465488300076658,25.338208198547363,0.482637882232666,ok,,0.167379552070338,1_minus_roc_auc,,1467,1173,0,367,0.5418390743434429,9,5e-06,True,25.30198693275452,full_train_epoch_chunks,full train set chunked per epoch | validation=dataset_val_split,30,1,epoch_chunk,0.7142857142857143,0.717687074829932,1,True
FOREX_audjpy-day-High,/home/crc00006699/zh/tabiclv2/data178/FOREX_audjpy-day-High,binclass,1465,293,367,10,2,0.784741144414169,0.7843529871692693,35.97311782836914,0.4944827556610107,ok,,0.1434962249568991,1_minus_roc_auc,,1465,1172,0,367,0.4976360062137246,13,5e-06,True,35.93811631202698,full_train_epoch_chunks,full train set chunked per epoch | validation=dataset_val_split,30,1,epoch_chunk,0.7542662116040956,0.757679180887372,5,True
FOREX_audusd-hour-High,/home/crc00006699/zh/tabiclv2/data178/FOREX_audusd-hour-High,binclass,35060,7012,8765,10,2,0.7099828864803195,0.709795966898524,3889.2255625724792,24.523406982421875,ok,,0.2109781688310642,1_minus_roc_auc,,35060,28048,0,8765,0.5620832815766335,42,5e-06,True,3888.9030842781062,full_train_epoch_chunks,full train set chunked per epoch | validation=dataset_val_split,30,2,epoch_chunk,0.7086423274386765,0.7167712492869367,13,True
Firm-Teacher_Clave-Direction_Classification,/home/crc00006699/zh/tabiclv2/data178/Firm-Teacher_Clave-Direction_Classification,multiclass,8640,1728,2160,16,4,0.8870370370370371,0.8863528295250788,656.4440941810608,3.440014600753784,ok,,0.3022968162147174,log_loss,,8640,6912,0,2160,0.3303346568718552,23,5e-06,True,656.2728748321533,full_train_epoch_chunks,full train set chunked per epoch | validation=dataset_val_split,30,1,epoch_chunk,0.8663194444444444,0.8721064814814815,15,True
GAMETES_Heterogeneity_20atts_1600_Het_0.4_0.2_50_EDM-2_001,/home/crc00006699/zh/tabiclv2/data178/GAMETES_Heterogeneity_20atts_1600_Het_0.4_0.2_50_EDM-2_001,binclass,1280,256,320,20,2,0.68125,0.6808011265842591,51.76883220672608,0.5490374565124512,ok,,0.2430859375,1_minus_roc_auc,,1280,1024,0,320,0.491425615735352,17,5e-06,True,51.70523285865784,full_train_epoch_chunks,full train set chunked per epoch | validation=dataset_val_split,30,1,epoch_chunk,0.66796875,0.6796875,9,True
HR_Analytics_Job_Change_of_Data_Scientists,/home/crc00006699/zh/tabiclv2/data178/HR_Analytics_Job_Change_of_Data_Scientists,binclass,15326,3066,3832,13,2,0.7995824634655533,0.8019529367488967,881.0410158634186,6.938250541687012,ok,,0.1887431825254272,1_minus_roc_auc,,15326,12260,0,3832,0.4292633756995201,13,5e-06,True,880.822921037674,full_train_epoch_chunks,full train set chunked per epoch | validation=dataset_val_split,30,1,epoch_chunk,0.8062622309197651,0.8065883887801696,5,True
Indian_pines,/home/crc00006699/zh/tabiclv2/data178/Indian_pines,multiclass,0,0,0,0,0,,,0.0,0.0,fail,"OutOfMemoryError: CUDA out of memory. Tried to allocate 42.00 MiB. GPU 0 has a total capacity of 23.57 GiB of which 36.00 MiB is free. Process 44659 has 23.53 GiB memory in use. Of the allocated memory 23.10 GiB is allocated by PyTorch, and 120.62 MiB is reserved by PyTorch but unallocated. If reserved but unallocated memory is large try setting PYTORCH_CUDA_ALLOC_CONF=expandable_segments:True to avoid fragmentation.  See documentation for Memory Management  (https://pytorch.org/docs/stable/notes/cuda.html#environment-variables)",,,,0,0,0,0,,0,,False,0.0,,,0,0,,,,0,False
MIC,/home/crc00006699/zh/tabiclv2/data178/MIC,binclass,1319,264,330,104,2,0.9090909090909092,0.8995772562318263,69.0429151058197,1.4765920639038086,ok,,0.1166280132124534,1_minus_roc_auc,,1319,1055,0,330,0.2978144427761435,8,5e-06,True,68.77706146240234,full_train_epoch_chunks,full train set chunked per epoch | validation=dataset_val_split,30,1,epoch_chunk,0.8712121212121212,0.8712121212121212,0,True
Mobile_Price_Classification,/home/crc00006699/zh/tabiclv2/data178/Mobile_Price_Classification,multiclass,1600,320,400,20,4,0.965,0.965028546694125,29.529475450515747,0.6538240909576416,ok,,0.0693897856811749,log_loss,,1600,1280,0,400,0.1080038710497319,8,5e-06,True,29.46640110015869,full_train_epoch_chunks,full train set chunked per epoch | validation=dataset_val_split,30,1,epoch_chunk,0.965625,0.965625,0,True
PieChart3,/home/crc00006699/zh/tabiclv2/data178/PieChart3,binclass,861,173,216,37,2,0.8842592592592593,0.8504784688995214,31.897266149520878,1.1790926456451416,ok,,0.1230648638056044,1_minus_roc_auc,,861,688,0,216,0.2598444279283285,10,5e-06,True,31.82148766517639,full_train_epoch_chunks,full train set chunked per epoch | validation=dataset_val_split,30,1,epoch_chunk,0.8728323699421965,0.8786127167630058,2,True
Pumpkin_Seeds,/home/crc00006699/zh/tabiclv2/data178/Pumpkin_Seeds,binclass,2000,400,500,12,2,0.88,0.8798921417565484,42.76978945732117,0.6701202392578125,ok,,0.0523557692307693,1_minus_roc_auc,,2000,1600,0,500,0.2565745422616601,11,5e-06,True,42.72632956504822,full_train_epoch_chunks,full train set chunked per epoch | validation=dataset_val_split,30,1,epoch_chunk,0.87,0.8775,3,True
SDSS17,/home/crc00006699/zh/tabiclv2/data178/SDSS17,multiclass,80000,16000,20000,12,3,0.97765,0.9775360735828617,8191.596726417541,107.91623091697691,ok,,0.0684809808269452,log_loss,,80000,64000,0,20000,0.0880425109062343,68,5e-06,True,8190.852625608444,full_train_epoch_chunks,full train set chunked per epoch | validation=dataset_val_split,30,4,epoch_chunk,0.9759375,0.976625,9,True
UJI_Pen_Characters,/home/crc00006699/zh/tabiclv2/data178/UJI_Pen_Characters,multiclass,1091,219,273,80,35,0.5384615384615384,0.5267602845208057,0.9073777198791504,3.658283472061157,ok,,1.375157717489065,log_loss,,1091,872,0,273,,0,5e-06,False,0.4545085430145263,full_train_epoch_chunks,full train set chunked per epoch | validation=dataset_val_split | TTT training skipped because n_classes=35 exceeds model max_classes=10,0,0,epoch_chunk,,,0,False
abalone,/home/crc00006699/zh/tabiclv2/data178/abalone,multiclass,3341,669,836,8,3,0.6399521531100478,0.6434301523934186,54.23979187011719,0.9735865592956544,ok,,0.7394075433806286,log_loss,,3341,2672,0,836,0.7076399065554142,8,5e-06,True,54.19311809539795,full_train_epoch_chunks,full train set chunked per epoch | validation=dataset_val_split,30,1,epoch_chunk,0.6875934230194319,0.6875934230194319,0,True
ada_agnostic,/home/crc00006699/zh/tabiclv2/data178/ada_agnostic,binclass,3649,730,913,48,2,0.8532311062431545,0.8511517753049387,137.3063726425171,2.1310415267944336,ok,,0.0900450803354696,1_minus_roc_auc,,3649,2919,0,913,0.32456293143332,10,5e-06,True,137.16090059280396,full_train_epoch_chunks,full train set chunked per epoch | validation=dataset_val_split,30,1,epoch_chunk,0.8356164383561644,0.8561643835616438,2,True
allbp,/home/crc00006699/zh/tabiclv2/data178/allbp,multiclass,3017,604,755,29,3,0.9774834437086092,0.975153287094861,76.89469385147095,1.3173439502716064,ok,,0.0596932654578976,log_loss,,3017,2413,0,755,0.0833341602701693,9,5e-06,True,76.78010630607605,full_train_epoch_chunks,full train set chunked per epoch | validation=dataset_val_split,30,1,epoch_chunk,0.9817880794701986,0.9834437086092715,1,True
artificial-characters,/home/crc00006699/zh/tabiclv2/data178/artificial-characters,multiclass,8174,1635,2044,7,10,0.9740704500978472,0.9740273076857996,666.9719038009644,2.6489477157592773,ok,,0.0589587119740789,log_loss,,8174,6539,0,2044,0.2077797870151698,30,5e-06,True,666.8997671604156,full_train_epoch_chunks,full train set chunked per epoch | validation=dataset_val_split,30,1,epoch_chunk,0.8880733944954129,0.9480122324159022,30,False
bank,/home/crc00006699/zh/tabiclv2/data178/bank,binclass,0,0,0,0,0,,,0.0,0.0,fail,"OutOfMemoryError: CUDA out of memory. Tried to allocate 80.00 MiB. GPU 0 has a total capacity of 23.57 GiB of which 54.00 MiB is free. Process 44659 has 23.51 GiB memory in use. Of the allocated memory 22.83 GiB is allocated by PyTorch, and 372.48 MiB is reserved by PyTorch but unallocated. If reserved but unallocated memory is large try setting PYTORCH_CUDA_ALLOC_CONF=expandable_segments:True to avoid fragmentation.  See documentation for Memory Management  (https://pytorch.org/docs/stable/notes/cuda.html#environment-variables)",,,,0,0,0,0,,0,,False,0.0,,,0,0,,,,0,False
car-evaluation,/home/crc00006699/zh/tabiclv2/data178/car-evaluation,multiclass,1382,277,346,21,4,0.9855491329479767,0.985510846572902,30.57413077354431,0.6094920635223389,ok,,0.0216187347692382,log_loss,,1382,1105,0,346,0.0159908333152998,9,5e-06,True,30.509161949157715,full_train_epoch_chunks,full train set chunked per epoch | validation=dataset_val_split,30,1,epoch_chunk,0.9855595667870036,0.9891696750902528,1,True
company_bankruptcy_prediction,/home/crc00006699/zh/tabiclv2/data178/company_bankruptcy_prediction,binclass,5455,1091,1364,95,2,0.969208211143695,0.965879647622749,424.9659104347229,6.117006301879883,ok,,0.0369318181818182,1_minus_roc_auc,,5455,4364,0,1364,0.0931399550754576,11,5e-06,True,424.5357277393341,full_train_epoch_chunks,full train set chunked per epoch | validation=dataset_val_split,30,1,epoch_chunk,0.9697525206232814,0.9715857011915674,3,True
credit,/home/crc00006699/zh/tabiclv2/data178/credit,binclass,13371,2675,3343,10,2,0.7870176488184266,0.787017534472035,774.1086480617523,5.425368070602417,ok,,0.134826544286291,1_minus_roc_auc,,13371,10696,0,3343,0.4776884065940976,15,5e-06,True,773.982744216919,full_train_epoch_chunks,full train set chunked per epoch | validation=dataset_val_split,30,1,epoch_chunk,0.7794392523364486,0.7831775700934579,7,True
default_of_credit_card_clients,/home/crc00006699/zh/tabiclv2/data178/default_of_credit_card_clients,binclass,0,0,0,0,0,,,0.0,0.0,fail,"OutOfMemoryError: CUDA out of memory. Tried to allocate 38.00 MiB. GPU 0 has a total capacity of 23.57 GiB of which 8.00 MiB is free. Process 44659 has 23.55 GiB memory in use. Of the allocated memory 23.00 GiB is allocated by PyTorch, and 242.16 MiB is reserved by PyTorch but unallocated. If reserved but unallocated memory is large try setting PYTORCH_CUDA_ALLOC_CONF=expandable_segments:True to avoid fragmentation.  See documentation for Memory Management  (https://pytorch.org/docs/stable/notes/cuda.html#environment-variables)",,,,0,0,0,0,,0,,False,0.0,,,0,0,,,,0,False
dna,/home/crc00006699/zh/tabiclv2/data178/dna,multiclass,2548,510,638,180,3,0.9717868338557992,0.9719225529564052,224.90861058235168,5.419359922409058,ok,,0.078726645084531,log_loss,,2548,2038,0,638,0.1307752768043428,8,5e-06,True,224.2997095584869,full_train_epoch_chunks,full train set chunked per epoch | validation=dataset_val_split,30,1,epoch_chunk,0.976470588235294,0.976470588235294,0,True
eeg-eye-state,/home/crc00006699/zh/tabiclv2/data178/eeg-eye-state,binclass,11984,2397,2996,14,2,0.9936582109479306,0.9936571003325072,408.2938950061798,5.0262956619262695,ok,,9.862221611767195e-05,1_minus_roc_auc,,11984,9587,0,2996,0.0356047964887693,9,5e-06,True,408.1497888565064,full_train_epoch_chunks,full train set chunked per epoch | validation=dataset_val_split,30,1,epoch_chunk,0.9929078014184396,0.9937421777221528,1,True
eye_movements,/home/crc00006699/zh/tabiclv2/data178/eye_movements,multiclass,8748,1750,2188,27,3,0.9657221206581352,0.9656706896273324,1031.729977607727,4.184142827987671,ok,,0.0770610852159659,log_loss,,8748,6998,0,2188,0.2349948030896484,30,5e-06,True,1031.5006313323977,full_train_epoch_chunks,full train set chunked per epoch | validation=dataset_val_split,30,1,epoch_chunk,0.8154285714285714,0.9582857142857144,30,False
gas-drift,/home/crc00006699/zh/tabiclv2/data178/gas-drift,multiclass,0,0,0,0,0,,,0.0,0.0,fail,"OutOfMemoryError: CUDA out of memory. Tried to allocate 1.12 GiB. GPU 0 has a total capacity of 23.57 GiB of which 632.00 MiB is free. Process 44659 has 22.95 GiB memory in use. Of the allocated memory 22.12 GiB is allocated by PyTorch, and 518.30 MiB is reserved by PyTorch but unallocated. If reserved but unallocated memory is large try setting PYTORCH_CUDA_ALLOC_CONF=expandable_segments:True to avoid fragmentation.  See documentation for Memory Management  (https://pytorch.org/docs/stable/notes/cuda.html#environment-variables)",,,,0,0,0,0,,0,,False,0.0,,,0,0,,,,0,False
heloc,/home/crc00006699/zh/tabiclv2/data178/heloc,binclass,8000,1600,2000,22,2,0.729,0.728628492406104,474.0702867507935,3.464249849319458,ok,,0.1961239999999999,1_minus_roc_auc,,8000,6400,0,2000,0.5416868440806866,17,5e-06,True,473.91660809516907,full_train_epoch_chunks,full train set chunked per epoch | validation=dataset_val_split,30,1,epoch_chunk,0.72375,0.725,9,True
htru,/home/crc00006699/zh/tabiclv2/data178/htru,binclass,14318,2864,3580,8,2,0.9807262569832402,0.9805781782399,506.726791381836,5.773334741592407,ok,,0.0125780945309452,1_minus_roc_auc,,14318,11454,0,3580,0.068782405462116,9,5e-06,True,506.6217813491821,full_train_epoch_chunks,full train set chunked per epoch | validation=dataset_val_split,30,1,epoch_chunk,0.9793994413407822,0.9797486033519552,1,True
internet_firewall,/home/crc00006699/zh/tabiclv2/data178/internet_firewall,multiclass,52425,10485,13107,7,4,0.925154497596704,0.9237519056130896,2710.1911935806274,47.96145963668823,ok,,0.1462740966856233,log_loss,,52425,41940,0,13107,0.1029246074613183,27,5e-06,True,2709.9521057605743,full_train_epoch_chunks,full train set chunked per epoch | validation=dataset_val_split,30,3,epoch_chunk,0.8028612303290414,0.934763948497854,1,True
jungle_chess_2pcs_raw_endgame_complete,/home/crc00006699/zh/tabiclv2/data178/jungle_chess_2pcs_raw_endgame_complete,multiclass,35855,7171,8964,6,3,0.9803659080767516,0.9803390731479286,5377.538995504379,24.461358785629272,ok,,0.0613261337213928,log_loss,,35855,28684,0,8964,0.2302396669983863,60,5e-06,True,5377.361808776856,full_train_epoch_chunks,full train set chunked per epoch | validation=dataset_val_split,30,2,epoch_chunk,0.8962487798075582,0.9719704364802676,30,False
kr-vs-k,/home/crc00006699/zh/tabiclv2/data178/kr-vs-k,multiclass,22444,4489,5612,6,18,0.9196364932287956,0.9195808375758182,0.950019598007202,25.74230527877808,ok,,0.234071677614723,log_loss,,22444,17955,0,5612,,0,5e-06,False,0.4609129428863525,full_train_epoch_chunks,full train set chunked per epoch | validation=dataset_val_split | TTT training skipped because n_classes=18 exceeds model max_classes=10,0,0,epoch_chunk,,,0,False
led7,/home/crc00006699/zh/tabiclv2/data178/led7,multiclass,2560,512,640,7,10,0.7390625,0.7348809865674293,37.7332968711853,0.7363243103027344,ok,,0.7794003607523192,log_loss,,2560,2048,0,640,0.821800172328949,8,5e-06,True,37.68981599807739,full_train_epoch_chunks,full train set chunked per epoch | validation=dataset_val_split,30,1,epoch_chunk,0.73046875,0.73046875,0,True
mammography,/home/crc00006699/zh/tabiclv2/data178/mammography,binclass,8946,1790,2237,6,2,0.9892713455520786,0.9885863407758956,301.3799204826355,2.179309129714966,ok,,0.012088540749868,1_minus_roc_auc,,8946,7156,0,2237,0.041713966988027,16,5e-06,True,301.307434797287,full_train_epoch_chunks,full train set chunked per epoch | validation=dataset_val_split,30,1,epoch_chunk,0.987709497206704,0.988268156424581,8,True
mfeat-fourier,/home/crc00006699/zh/tabiclv2/data178/mfeat-fourier,multiclass,1600,320,400,76,10,0.925,0.9243883823706815,98.00033974647522,1.3825914859771729,ok,,0.2061418324812387,log_loss,,1600,1280,0,400,0.2263757451437413,12,5e-06,True,97.85203170776369,full_train_epoch_chunks,full train set chunked per epoch | validation=dataset_val_split,30,1,epoch_chunk,0.903125,0.909375,4,True
mfeat-pixel,/home/crc00006699/zh/tabiclv2/data178/mfeat-pixel,multiclass,1600,320,400,240,10,0.975,0.97494801061037,186.27714037895203,4.948690176010132,ok,,0.1173850811137224,log_loss,,1600,1280,0,400,0.0415484004188329,8,5e-06,True,185.6154270172119,full_train_epoch_chunks,full train set chunked per epoch | validation=dataset_val_split,30,1,epoch_chunk,0.98125,0.98125,0,True
microaggregation2,/home/crc00006699/zh/tabiclv2/data178/microaggregation2,multiclass,16000,3200,4000,20,5,0.64575,0.6024396549242897,713.863730430603,8.386312246322632,ok,,0.8538621425096833,log_loss,,16000,12800,0,4000,0.8530948534607887,9,5e-06,True,713.6206436157227,full_train_epoch_chunks,full train set chunked per epoch | validation=dataset_val_split,30,1,epoch_chunk,0.631875,0.6509375,1,True
naticusdroid+android+permissions+dataset,/home/crc00006699/zh/tabiclv2/data178/naticusdroid+android+permissions+dataset,binclass,0,0,0,0,0,,,0.0,0.0,fail,"OutOfMemoryError: CUDA out of memory. Tried to allocate 1.61 GiB. GPU 0 has a total capacity of 23.57 GiB of which 820.00 MiB is free. Process 44659 has 22.76 GiB memory in use. Of the allocated memory 21.99 GiB is allocated by PyTorch, and 462.48 MiB is reserved by PyTorch but unallocated. If reserved but unallocated memory is large try setting PYTORCH_CUDA_ALLOC_CONF=expandable_segments:True to avoid fragmentation.  See documentation for Memory Management  (https://pytorch.org/docs/stable/notes/cuda.html#environment-variables)",,,,0,0,0,0,,0,,False,0.0,,,0,0,,,,0,False
one-hundred-plants-margin,/home/crc00006699/zh/tabiclv2/data178/one-hundred-plants-margin,multiclass,1280,256,320,64,100,0.903125,0.9008283730158728,1.0421202182769775,5.73160982131958,ok,,0.3318854571431564,log_loss,,1280,1024,0,320,,0,5e-06,False,0.4620857238769531,full_train_epoch_chunks,full train set chunked per epoch | validation=dataset_val_split | TTT training skipped because n_classes=100 exceeds model max_classes=10,0,0,epoch_chunk,,,0,False
online_shoppers,/home/crc00006699/zh/tabiclv2/data178/online_shoppers,binclass,9864,1973,2466,14,2,0.9059205190592052,0.9006335122010617,272.48306465148926,3.924978256225586,ok,,0.0700801921395624,1_minus_roc_auc,,9864,7891,0,2466,0.2152217044495046,8,5e-06,True,272.33220314979553,full_train_epoch_chunks,full train set chunked per epoch | validation=dataset_val_split,30,1,epoch_chunk,0.9011657374556512,0.9011657374556512,0,True
page-blocks,/home/crc00006699/zh/tabiclv2/data178/page-blocks,multiclass,4378,876,1095,10,5,0.9771689497716894,0.9769424468656428,88.82113480567932,1.3536694049835205,ok,,0.0856187474702686,log_loss,,4378,3502,0,1095,0.0540827444056049,9,5e-06,True,88.76539969444275,full_train_epoch_chunks,full train set chunked per epoch | validation=dataset_val_split,30,1,epoch_chunk,0.9691780821917808,0.9726027397260274,1,True
pc4,/home/crc00006699/zh/tabiclv2/data178/pc4,binclass,1166,234,292,37,2,0.910958904109589,0.9074272635916472,90.22237539291382,0.6885805130004883,ok,,0.0376519097222222,1_minus_roc_auc,,1166,932,0,292,0.1551613127812743,23,5e-06,True,90.1468198299408,full_train_epoch_chunks,full train set chunked per epoch | validation=dataset_val_split,30,1,epoch_chunk,0.9230769230769232,0.9316239316239316,15,True
pol,/home/crc00006699/zh/tabiclv2/data178/pol,binclass,8065,1613,2017,26,2,0.9930589985126426,0.9930589951003956,474.8676071166992,3.705820083618164,ok,,0.0002477700693755,1_minus_roc_auc,,8065,6452,0,2017,0.0322630872251465,16,5e-06,True,474.7164912223816,full_train_epoch_chunks,full train set chunked per epoch | validation=dataset_val_split,30,1,epoch_chunk,0.9919404835709856,0.9931804091754496,8,True
rice_cammeo_and_osmancik,/home/crc00006699/zh/tabiclv2/data178/rice_cammeo_and_osmancik,binclass,3048,610,762,7,2,0.931758530183727,0.9314798849732624,67.67432641983032,0.8031463623046875,ok,,0.0215919963978161,1_minus_roc_auc,,3048,2438,0,762,0.1617652564309537,13,5e-06,True,67.63741850852966,full_train_epoch_chunks,full train set chunked per epoch | validation=dataset_val_split,30,1,epoch_chunk,0.9327868852459016,0.9360655737704918,5,True
satimage,/home/crc00006699/zh/tabiclv2/data178/satimage,multiclass,5144,1029,1286,36,6,0.9447900466562986,0.943956650921491,379.4622132778168,2.654355049133301,ok,,0.1278526092880104,log_loss,,5144,4115,0,1286,0.1922256629914045,20,5e-06,True,379.2997305393219,full_train_epoch_chunks,full train set chunked per epoch | validation=dataset_val_split,30,1,epoch_chunk,0.9319727891156464,0.9426627793974732,12,True
semeion,/home/crc00006699/zh/tabiclv2/data178/semeion,multiclass,1274,255,319,256,10,0.9686520376175548,0.9686948325435536,187.6782960891724,3.91195559501648,ok,,0.0975948580170438,log_loss,,1274,1019,0,319,0.1352050397545099,9,5e-06,True,187.22654247283936,full_train_epoch_chunks,full train set chunked per epoch | validation=dataset_val_split,30,1,epoch_chunk,0.9568627450980391,0.9607843137254902,1,True
splice,/home/crc00006699/zh/tabiclv2/data178/splice,multiclass,2552,511,638,60,3,0.9608150470219436,0.9607765132232094,119.99994707107544,1.7985153198242188,ok,,0.097534686097383,log_loss,,2552,2041,0,638,0.0954090310260653,11,5e-06,True,119.77884101867676,full_train_epoch_chunks,full train set chunked per epoch | validation=dataset_val_split,30,1,epoch_chunk,0.9686888454011742,0.9706457925636008,3,True
steel_plates_faults,/home/crc00006699/zh/tabiclv2/data178/steel_plates_faults,multiclass,1552,311,389,27,7,0.8560411311053985,0.8562880840545886,46.01091265678406,0.723862886428833,ok,,0.3640080515189662,log_loss,,1552,1241,0,389,0.4143114136531949,11,5e-06,True,45.94175410270691,full_train_epoch_chunks,full train set chunked per epoch | validation=dataset_val_split,30,1,epoch_chunk,0.8038585209003215,0.819935691318328,3,True
telco-customer-churn,/home/crc00006699/zh/tabiclv2/data178/telco-customer-churn,binclass,5634,1127,1409,18,2,0.8055358410220014,0.7975092184456082,128.09109330177307,2.1810736656188965,ok,,0.1484163889534733,1_minus_roc_auc,,5634,4507,0,1409,0.4183853268623352,8,5e-06,True,127.95896220207214,full_train_epoch_chunks,full train set chunked per epoch | validation=dataset_val_split,30,1,epoch_chunk,0.8163265306122449,0.8163265306122449,0,True
thyroid-ann,/home/crc00006699/zh/tabiclv2/data178/thyroid-ann,multiclass,3017,604,755,21,3,0.9920529801324504,0.9919737363445972,61.50535893440247,1.1923766136169434,ok,,0.015158054899126,log_loss,,3017,2413,0,755,0.0070541420282097,8,5e-06,True,61.43502569198608,full_train_epoch_chunks,full train set chunked per epoch | validation=dataset_val_split,30,1,epoch_chunk,0.9950331125827816,0.9950331125827816,0,True
twonorm,/home/crc00006699/zh/tabiclv2/data178/twonorm,binclass,5920,1184,1480,20,2,0.9777027027027028,0.9777023464142108,140.5718870162964,2.383904218673706,ok,,0.001557709199615,1_minus_roc_auc,,5920,4736,0,1480,0.0480507134925574,8,5e-06,True,140.46624064445496,full_train_epoch_chunks,full train set chunked per epoch | validation=dataset_val_split,30,1,epoch_chunk,0.977195945945946,0.977195945945946,0,True
walking-activity,/home/crc00006699/zh/tabiclv2/data178/walking-activity,multiclass,119465,23893,29867,4,22,0.6750929119094653,0.6743677865423084,1.4823908805847168,366.2296824455261,ok,,0.916165410034173,log_loss,,119465,95572,0,29867,,0,5e-06,False,0.717299222946167,full_train_epoch_chunks,full train set chunked per epoch | validation=dataset_val_split | TTT training skipped because n_classes=22 exceeds model max_classes=10,0,0,epoch_chunk,,,0,False
waveform-5000,/home/crc00006699/zh/tabiclv2/data178/waveform-5000,multiclass,4000,800,1000,40,3,0.868,0.8679453462706075,143.12351608276367,2.15003514289856,ok,,0.2584559064717757,log_loss,,4000,3200,0,1000,0.253965051844716,10,5e-06,True,142.9787015914917,full_train_epoch_chunks,full train set chunked per epoch | validation=dataset_val_split,30,1,epoch_chunk,0.87375,0.875,2,True
website_phishing,/home/crc00006699/zh/tabiclv2/data178/website_phishing,multiclass,1082,217,271,9,3,0.92619926199262,0.9264532281561662,18.64518785476685,0.3714451789855957,ok,,0.2389640126715413,log_loss,,1082,865,0,271,0.1908144778572023,8,5e-06,True,18.60886693000793,full_train_epoch_chunks,full train set chunked per epoch | validation=dataset_val_split,30,1,epoch_chunk,0.9216589861751152,0.9216589861751152,0,True
wine-quality-white,/home/crc00006699/zh/tabiclv2/data178/wine-quality-white,multiclass,3918,784,980,11,7,0.689795918367347,0.6817477617181938,68.16509556770325,1.2276480197906494,ok,,0.7506479211277776,log_loss,,3918,3134,0,980,0.7750661801546812,8,5e-06,True,68.10572695732117,full_train_epoch_chunks,full train set chunked per epoch | validation=dataset_val_split,30,1,epoch_chunk,0.6875,0.6875,0,True
