dataset_name,dataset_dir,task_type,n_train,n_val,n_test,n_features,n_classes,accuracy,fit_seconds,predict_seconds,status,error
ASP-POTASSCO-classification,/data0/zhuhao2025/tabiclv2_test/data178/ASP-POTASSCO-classification,multiclass,1035,207,259,141,11,0.277992277992278,9.841493129730225,0.002068281173706,ok,
BLE_RSSI_dataset_for_Indoor_localization,/data0/zhuhao2025/tabiclv2_test/data178/BLE_RSSI_dataset_for_Indoor_localization,multiclass,7987,1598,1997,3,3,0.7346019028542814,9.81054139137268,0.0023717880249023,ok,
BNG(cmc),/data0/zhuhao2025/tabiclv2_test/data178/BNG(cmc),multiclass,44236,8848,11060,9,3,0.5733273056057866,13.710886716842651,0.0034916400909423,ok,
Bank_Customer_Churn_Dataset,/data0/zhuhao2025/tabiclv2_test/data178/Bank_Customer_Churn_Dataset,binclass,8000,1600,2000,10,2,0.864,10.249132633209229,0.0018095970153808,ok,
California-Housing-Classification,/data0/zhuhao2025/tabiclv2_test/data178/California-Housing-Classification,binclass,16512,3303,4128,8,2,0.8980135658914729,10.463446378707886,0.0021982192993164,ok,
Click_prediction_small,/data0/zhuhao2025/tabiclv2_test/data178/Click_prediction_small,binclass,31958,6392,7990,3,2,0.8329161451814768,12.37734031677246,0.0023374557495117,ok,
Customer_Personality_Analysis,/data0/zhuhao2025/tabiclv2_test/data178/Customer_Personality_Analysis,binclass,1792,359,448,24,2,0.8504464285714286,8.500223636627197,0.0017652511596679,ok,
E-CommereShippingData,/data0/zhuhao2025/tabiclv2_test/data178/E-CommereShippingData,binclass,8799,1760,2200,10,2,0.6654545454545454,8.79630446434021,0.0018656253814697,ok,
FICO-HELOC-cleaned,/data0/zhuhao2025/tabiclv2_test/data178/FICO-HELOC-cleaned,binclass,7896,1580,1975,23,2,0.7260759493670886,8.98824405670166,0.0022225379943847,ok,
FOREX_audcad-hour-High,/data0/zhuhao2025/tabiclv2_test/data178/FOREX_audcad-hour-High,binclass,35060,7012,8765,10,2,0.7061038220193954,12.25121569633484,0.0022506713867187,ok,
FOREX_audjpy-day-High,/data0/zhuhao2025/tabiclv2_test/data178/FOREX_audjpy-day-High,binclass,1465,293,367,10,2,0.55858310626703,8.01119351387024,0.0014393329620361,ok,
FOREX_audsgd-hour-High,/data0/zhuhao2025/tabiclv2_test/data178/FOREX_audsgd-hour-High,binclass,35060,7012,8765,10,2,0.6975470621791215,11.491592407226562,0.0022814273834228,ok,
FOREX_cadjpy-day-High,/data0/zhuhao2025/tabiclv2_test/data178/FOREX_cadjpy-day-High,binclass,1467,294,367,10,2,0.5258855585831063,8.04117202758789,0.0014369487762451,ok,
Firm-Teacher_Clave-Direction_Classification,/data0/zhuhao2025/tabiclv2_test/data178/Firm-Teacher_Clave-Direction_Classification,multiclass,8640,1728,2160,16,4,0.836574074074074,8.781175136566162,0.0018782615661621,ok,
GAMETES_Epistasis_2-Way_20atts_0.1H_EDM-1_1,/data0/zhuhao2025/tabiclv2_test/data178/GAMETES_Epistasis_2-Way_20atts_0.1H_EDM-1_1,binclass,1280,256,320,20,2,0.50625,8.307358264923096,0.0014998912811279,ok,
Gender_Gap_in_Spanish_WP,/data0/zhuhao2025/tabiclv2_test/data178/Gender_Gap_in_Spanish_WP,multiclass,3796,760,950,13,3,0.5978947368421053,8.847767114639282,0.0015745162963867,ok,
HR_Analytics_Job_Change_of_Data_Scientists,/data0/zhuhao2025/tabiclv2_test/data178/HR_Analytics_Job_Change_of_Data_Scientists,binclass,15326,3066,3832,13,2,0.7995824634655533,9.513631582260132,0.0016102790832519,ok,
INNHotelsGroup,/data0/zhuhao2025/tabiclv2_test/data178/INNHotelsGroup,binclass,29020,5804,7255,17,2,0.8769124741557547,10.966360330581663,0.002230167388916,ok,
JapaneseVowels,/data0/zhuhao2025/tabiclv2_test/data178/JapaneseVowels,multiclass,7968,1594,1993,14,9,0.9894631209232312,8.611560583114624,0.0020878314971923,ok,
MIC,/data0/zhuhao2025/tabiclv2_test/data178/MIC,binclass,1319,264,330,104,2,0.8454545454545455,8.630621194839478,0.0025601387023925,ok,
Marketing_Campaign,/data0/zhuhao2025/tabiclv2_test/data178/Marketing_Campaign,binclass,1792,359,448,27,2,0.8504464285714286,8.84712290763855,0.0014536380767822,ok,
National_Health_and_Nutrition_Health_Survey,/data0/zhuhao2025/tabiclv2_test/data178/National_Health_and_Nutrition_Health_Survey,binclass,1822,365,456,7,2,0.8399122807017544,8.69039011001587,0.001549482345581,ok,
PieChart3,/data0/zhuhao2025/tabiclv2_test/data178/PieChart3,binclass,861,173,216,37,2,0.875,9.360198974609377,0.0013988018035888,ok,
PizzaCutter3,/data0/zhuhao2025/tabiclv2_test/data178/PizzaCutter3,binclass,834,167,209,37,2,0.8803827751196173,9.546635150909424,0.0016043186187744,ok,
QSAR_biodegradation,/data0/zhuhao2025/tabiclv2_test/data178/QSAR_biodegradation,binclass,843,169,211,41,2,0.8436018957345972,9.574923515319824,0.0013802051544189,ok,
SDSS17,/data0/zhuhao2025/tabiclv2_test/data178/SDSS17,multiclass,80000,16000,20000,12,3,0.9678,19.67218327522278,0.0043411254882812,ok,
Telecom_Churn_Dataset,/data0/zhuhao2025/tabiclv2_test/data178/Telecom_Churn_Dataset,binclass,2666,534,667,17,2,0.8860569715142429,8.696085691452026,0.0015287399291992,ok,
Water_Quality_and_Potability,/data0/zhuhao2025/tabiclv2_test/data178/Water_Quality_and_Potability,binclass,2620,524,656,8,2,0.6204268292682927,8.545006036758423,0.0015926361083984,ok,
abalone,/data0/zhuhao2025/tabiclv2_test/data178/abalone,multiclass,3341,669,836,8,3,0.6303827751196173,8.027907609939575,0.001692771911621,ok,
ada,/data0/zhuhao2025/tabiclv2_test/data178/ada,binclass,3317,664,830,48,2,0.8506024096385543,8.267946481704712,0.0015721321105957,ok,
ada_prior,/data0/zhuhao2025/tabiclv2_test/data178/ada_prior,binclass,3649,730,913,14,2,0.8324205914567361,8.780728340148926,0.0041637420654296,ok,
allbp,/data0/zhuhao2025/tabiclv2_test/data178/allbp,multiclass,3017,604,755,29,3,0.9562913907284768,8.800635814666748,0.0015506744384765,ok,
analcatdata_authorship,/data0/zhuhao2025/tabiclv2_test/data178/analcatdata_authorship,multiclass,672,135,169,69,4,0.9585798816568049,8.716216564178467,0.0016419887542724,ok,
autoUniv-au4-2500,/data0/zhuhao2025/tabiclv2_test/data178/autoUniv-au4-2500,multiclass,2000,400,500,100,3,0.474,9.500251293182371,0.0016970634460449,ok,
bank,/data0/zhuhao2025/tabiclv2_test/data178/bank,binclass,36168,7234,9043,16,2,0.9058940617051864,11.8900146484375,0.0022954940795898,ok,
baseball,/data0/zhuhao2025/tabiclv2_test/data178/baseball,multiclass,1072,215,268,16,3,0.9067164179104478,7.790740013122559,0.0015697479248046,ok,
churn,/data0/zhuhao2025/tabiclv2_test/data178/churn,binclass,4000,800,1000,20,2,0.89,7.871661424636841,0.0016121864318847,ok,
company_bankruptcy_prediction,/data0/zhuhao2025/tabiclv2_test/data178/company_bankruptcy_prediction,binclass,5455,1091,1364,95,2,0.967741935483871,8.969550609588623,0.0016472339630126,ok,
contraceptive_method_choice,/data0/zhuhao2025/tabiclv2_test/data178/contraceptive_method_choice,multiclass,1178,236,295,9,3,0.4847457627118644,8.190661668777466,0.0015220642089843,ok,
customer_satisfaction_in_airline,/data0/zhuhao2025/tabiclv2_test/data178/customer_satisfaction_in_airline,binclass,103904,20781,25976,21,2,0.954765937788728,25.706430673599243,0.0046236515045166,ok,
default_of_credit_card_clients,/data0/zhuhao2025/tabiclv2_test/data178/default_of_credit_card_clients,binclass,24000,4800,6000,23,2,0.8248333333333333,10.551580905914308,0.0020544528961181,ok,
dis,/data0/zhuhao2025/tabiclv2_test/data178/dis,binclass,3017,604,755,29,2,0.9841059602649008,9.26800775527954,0.0015277862548828,ok,
drug_consumption,/data0/zhuhao2025/tabiclv2_test/data178/drug_consumption,multiclass,1507,302,377,12,7,0.3925729442970822,9.38923406600952,0.0016248226165771,ok,
eeg-eye-state,/data0/zhuhao2025/tabiclv2_test/data178/eeg-eye-state,binclass,11984,2397,2996,14,2,0.9899866488651536,9.773069381713867,0.0018346309661865,ok,
estimation_of_obesity_levels,/data0/zhuhao2025/tabiclv2_test/data178/estimation_of_obesity_levels,multiclass,1688,338,423,16,7,0.7659574468085106,9.30270290374756,0.0019445419311523,ok,
eye_movements_bin,/data0/zhuhao2025/tabiclv2_test/data178/eye_movements_bin,binclass,6086,1218,1522,20,2,0.5932982917214192,10.138187408447266,0.0017189979553222,ok,
gas-drift,/data0/zhuhao2025/tabiclv2_test/data178/gas-drift,multiclass,11128,2226,2782,128,6,0.994608195542775,10.07733678817749,0.0022218227386474,ok,
golf_play_dataset_extended,/data0/zhuhao2025/tabiclv2_test/data178/golf_play_dataset_extended,binclass,876,176,219,9,2,0.8538812785388128,9.134178161621094,0.0009827613830566,ok,
hill-valley,/data0/zhuhao2025/tabiclv2_test/data178/hill-valley,binclass,969,194,243,100,2,0.4979423868312757,9.389127254486084,0.0017149448394775,ok,
htru,/data0/zhuhao2025/tabiclv2_test/data178/htru,binclass,14318,2864,3580,8,2,0.979050279329609,9.38148546218872,0.0019140243530273,ok,
in_vehicle_coupon_recommendation,/data0/zhuhao2025/tabiclv2_test/data178/in_vehicle_coupon_recommendation,binclass,10147,2030,2537,21,2,0.7363027197477335,8.859299421310425,0.0011005401611328,ok,
internet_usage,/data0/zhuhao2025/tabiclv2_test/data178/internet_usage,multiclass,8086,1618,2022,70,46,0.4391691394658754,9.195499658584597,0.002805471420288,ok,
jungle_chess_2pcs_raw_endgame_complete,/data0/zhuhao2025/tabiclv2_test/data178/jungle_chess_2pcs_raw_endgame_complete,multiclass,35855,7171,8964,6,3,0.8251896474788041,11.772912979125977,0.002091646194458,ok,
kdd_ipums_la_97-small,/data0/zhuhao2025/tabiclv2_test/data178/kdd_ipums_la_97-small,binclass,4150,830,1038,20,2,0.8670520231213873,8.489179849624634,0.0019049644470214,ok,
kropt,/data0/zhuhao2025/tabiclv2_test/data178/kropt,multiclass,22444,4489,5612,6,18,0.8141482537419815,10.355628967285156,0.0037746429443359,ok,
led7,/data0/zhuhao2025/tabiclv2_test/data178/led7,multiclass,2560,512,640,7,10,0.740625,8.497695684432983,0.0017492771148681,ok,
madeline,/data0/zhuhao2025/tabiclv2_test/data178/madeline,binclass,2512,503,628,259,2,0.5732484076433121,9.668291330337524,0.0015292167663574,ok,
maternal_health_risk,/data0/zhuhao2025/tabiclv2_test/data178/maternal_health_risk,multiclass,811,163,203,6,3,0.6896551724137931,9.31146478652954,0.0014934539794921,ok,
mfeat-fourier,/data0/zhuhao2025/tabiclv2_test/data178/mfeat-fourier,multiclass,1600,320,400,76,10,0.72,9.409157037734984,0.0016295909881591,ok,
mfeat-morphological,/data0/zhuhao2025/tabiclv2_test/data178/mfeat-morphological,multiclass,1600,320,400,6,10,0.63,8.961747884750366,0.0016553401947021,ok,
mfeat-zernike,/data0/zhuhao2025/tabiclv2_test/data178/mfeat-zernike,multiclass,1600,320,400,47,10,0.79,9.084376573562622,0.0016186237335205,ok,
microaggregation2,/data0/zhuhao2025/tabiclv2_test/data178/microaggregation2,multiclass,16000,3200,4000,20,5,0.606,10.645378828048706,0.0022127628326416,ok,
mozilla4,/data0/zhuhao2025/tabiclv2_test/data178/mozilla4,binclass,12436,2488,3109,4,2,0.9404953361209392,9.450621604919434,0.0019493103027343,ok,
national-longitudinal-survey-binary,/data0/zhuhao2025/tabiclv2_test/data178/national-longitudinal-survey-binary,binclass,3926,786,982,16,2,0.9714867617107944,9.218436241149902,0.0015413761138916,ok,
one-hundred-plants-margin,/data0/zhuhao2025/tabiclv2_test/data178/one-hundred-plants-margin,multiclass,1280,256,320,64,100,0.128125,8.559722185134888,0.0020225048065185,ok,
one-hundred-plants-texture,/data0/zhuhao2025/tabiclv2_test/data178/one-hundred-plants-texture,multiclass,1279,256,320,64,100,0.153125,8.737709522247314,0.0016536712646484,ok,
optdigits,/data0/zhuhao2025/tabiclv2_test/data178/optdigits,multiclass,4496,900,1124,64,10,0.98220640569395,8.575300931930542,0.0017786026000976,ok,
page-blocks,/data0/zhuhao2025/tabiclv2_test/data178/page-blocks,multiclass,4378,876,1095,10,5,0.9406392694063926,9.048824787139893,0.0023612976074218,ok,
pc3,/data0/zhuhao2025/tabiclv2_test/data178/pc3,binclass,1250,250,313,37,2,0.8977635782747604,8.71012806892395,0.0015690326690673,ok,
pendigits,/data0/zhuhao2025/tabiclv2_test/data178/pendigits,multiclass,8793,1759,2199,16,10,0.9890859481582538,9.060293912887571,0.0022177696228027,ok,
pol,/data0/zhuhao2025/tabiclv2_test/data178/pol,binclass,8065,1613,2017,26,2,0.946950917203768,8.734390020370483,0.0022673606872558,ok,
qsar,/data0/zhuhao2025/tabiclv2_test/data178/qsar,binclass,844,169,211,40,2,0.8483412322274881,8.856910467147827,0.0017077922821044,ok,
ringnorm,/data0/zhuhao2025/tabiclv2_test/data178/ringnorm,binclass,5920,1184,1480,20,2,0.9324324324324323,9.029617547988892,0.0018050670623779,ok,
satimage,/data0/zhuhao2025/tabiclv2_test/data178/satimage,multiclass,5144,1029,1286,36,6,0.885692068429238,9.26325750350952,0.001840591430664,ok,
seismic+bumps,/data0/zhuhao2025/tabiclv2_test/data178/seismic+bumps,binclass,2067,414,517,18,2,0.9342359767891684,10.635013103485107,0.0015420913696289,ok,
shuttle,/data0/zhuhao2025/tabiclv2_test/data178/shuttle,multiclass,46400,9280,11600,9,7,0.998103448275862,12.36946964263916,0.0038509368896484,ok,
splice,/data0/zhuhao2025/tabiclv2_test/data178/splice,multiclass,2552,511,638,60,3,0.9059561128526644,8.768945932388306,0.0015709400177001,ok,
statlog,/data0/zhuhao2025/tabiclv2_test/data178/statlog,binclass,800,160,200,20,2,0.7,8.109148740768433,0.0014858245849609,ok,
sylvine,/data0/zhuhao2025/tabiclv2_test/data178/sylvine,binclass,4099,820,1025,20,2,0.9229268292682928,8.805792808532715,0.0015406608581542,ok,
telco-customer-churn,/data0/zhuhao2025/tabiclv2_test/data178/telco-customer-churn,binclass,5634,1127,1409,18,2,0.7955997161107168,9.202128887176514,0.0018138885498046,ok,
thyroid,/data0/zhuhao2025/tabiclv2_test/data178/thyroid,multiclass,5760,1152,1440,21,3,0.9430555555555556,9.017663955688477,0.0018951892852783,ok,
thyroid-dis,/data0/zhuhao2025/tabiclv2_test/data178/thyroid-dis,multiclass,2240,448,560,26,5,0.6553571428571429,9.142380475997925,0.0016453266143798,ok,
twonorm,/data0/zhuhao2025/tabiclv2_test/data178/twonorm,binclass,5920,1184,1480,20,2,0.9743243243243244,9.724700450897217,0.0016689300537109,ok,
volkert,/data0/zhuhao2025/tabiclv2_test/data178/volkert,multiclass,46648,9330,11662,180,10,0.7523580860915795,16.4102201461792,0.0046672821044921,ok,
wall-robot-navigation,/data0/zhuhao2025/tabiclv2_test/data178/wall-robot-navigation,multiclass,4364,873,1092,24,4,0.957875457875458,8.278157949447632,0.0016708374023437,ok,
waveform-5000,/data0/zhuhao2025/tabiclv2_test/data178/waveform-5000,multiclass,4000,800,1000,40,3,0.843,8.825664281845093,0.001680850982666,ok,
waveform_database_generator_version_1,/data0/zhuhao2025/tabiclv2_test/data178/waveform_database_generator_version_1,multiclass,4000,800,1000,21,3,0.848,8.500553607940674,0.0016610622406005,ok,
wine,/data0/zhuhao2025/tabiclv2_test/data178/wine,binclass,2043,409,511,4,2,0.7084148727984344,8.207456111907959,0.001488447189331,ok,
wine-quality-white,/data0/zhuhao2025/tabiclv2_test/data178/wine-quality-white,multiclass,3918,784,980,11,7,0.5887755102040816,8.963748455047607,0.0018134117126464,ok,
Amazon_employee_access,/data0/zhuhao2025/tabiclv2_test/data178/Amazon_employee_access,binclass,26215,5243,6554,7,2,0.9426304546841624,12.303195476531982,0.0018813610076904,ok,
BNG(breast-w),/data0/zhuhao2025/tabiclv2_test/data178/BNG(breast-w),binclass,31492,6299,7874,9,2,0.9836169672339344,10.97615385055542,0.00282883644104,ok,
BNG(tic-tac-toe),/data0/zhuhao2025/tabiclv2_test/data178/BNG(tic-tac-toe),binclass,31492,6299,7874,9,2,0.7999745999492,11.26591157913208,0.0028038024902343,ok,
Basketball_c,/data0/zhuhao2025/tabiclv2_test/data178/Basketball_c,binclass,1072,215,268,11,2,0.6455223880597015,8.610286951065063,0.0016195774078369,ok,
Cardiovascular-Disease-dataset,/data0/zhuhao2025/tabiclv2_test/data178/Cardiovascular-Disease-dataset,binclass,56000,11200,14000,11,2,0.7323571428571428,14.0531747341156,0.0070550441741943,ok,
Credit_c,/data0/zhuhao2025/tabiclv2_test/data178/Credit_c,multiclass,80000,16000,20000,22,3,0.80115,36.845219373703,0.004906415939331,ok,
Diabetic_Retinopathy_Debrecen,/data0/zhuhao2025/tabiclv2_test/data178/Diabetic_Retinopathy_Debrecen,binclass,920,184,231,19,2,0.6277056277056277,8.52596664428711,0.0017204284667968,ok,
Employee,/data0/zhuhao2025/tabiclv2_test/data178/Employee,binclass,3722,745,931,8,2,0.8539205155746509,8.983774662017822,0.0017945766448974,ok,
FOREX_audcad-day-High,/data0/zhuhao2025/tabiclv2_test/data178/FOREX_audcad-day-High,binclass,1467,294,367,10,2,0.5831062670299727,9.737279653549194,0.0016155242919921,ok,
FOREX_audchf-day-High,/data0/zhuhao2025/tabiclv2_test/data178/FOREX_audchf-day-High,binclass,1466,294,367,10,2,0.5177111716621253,9.14137601852417,0.0017371177673339,ok,
FOREX_audjpy-hour-High,/data0/zhuhao2025/tabiclv2_test/data178/FOREX_audjpy-hour-High,binclass,35060,7012,8765,10,2,0.7159155733029093,12.711091995239258,0.0017030239105224,ok,
FOREX_audusd-hour-High,/data0/zhuhao2025/tabiclv2_test/data178/FOREX_audusd-hour-High,binclass,35060,7012,8765,10,2,0.6978893325727324,11.161743879318236,0.0016522407531738,ok,
FOREX_cadjpy-hour-High,/data0/zhuhao2025/tabiclv2_test/data178/FOREX_cadjpy-hour-High,binclass,35060,7012,8765,10,2,0.7071306332002282,12.748250007629396,0.0024178028106689,ok,
Fitness_Club_c,/data0/zhuhao2025/tabiclv2_test/data178/Fitness_Club_c,binclass,1200,240,300,6,2,0.77,9.784693956375122,0.0015814304351806,ok,
GAMETES_Heterogeneity_20atts_1600_Het_0.4_0.2_50_EDM-2_001,/data0/zhuhao2025/tabiclv2_test/data178/GAMETES_Heterogeneity_20atts_1600_Het_0.4_0.2_50_EDM-2_001,binclass,1280,256,320,20,2,0.521875,8.615675687789917,0.0036168098449707,ok,
GesturePhaseSegmentationProcessed,/data0/zhuhao2025/tabiclv2_test/data178/GesturePhaseSegmentationProcessed,multiclass,7898,1580,1975,32,5,0.5053164556962025,9.075810432434082,0.0025086402893066,ok,
IBM_HR_Analytics_Employee_Attrition_and_Performance,/data0/zhuhao2025/tabiclv2_test/data178/IBM_HR_Analytics_Employee_Attrition_and_Performance,binclass,1176,236,294,31,2,0.8401360544217688,8.353806495666504,0.0016334056854248,ok,
Indian_pines,/data0/zhuhao2025/tabiclv2_test/data178/Indian_pines,multiclass,7315,1463,1829,220,8,0.8545653362493165,10.867295265197754,0.0013997554779052,ok,
KDDCup09_upselling,/data0/zhuhao2025/tabiclv2_test/data178/KDDCup09_upselling,binclass,4102,821,1026,49,2,0.746588693957115,9.346098899841309,0.0016870498657226,ok,
MagicTelescope,/data0/zhuhao2025/tabiclv2_test/data178/MagicTelescope,binclass,15216,3044,3804,9,2,0.8703995793901157,9.923140048980711,0.0019779205322265,ok,
Mobile_Price_Classification,/data0/zhuhao2025/tabiclv2_test/data178/Mobile_Price_Classification,multiclass,1600,320,400,20,4,0.63,8.997234344482422,0.0010206699371337,ok,
PhishingWebsites,/data0/zhuhao2025/tabiclv2_test/data178/PhishingWebsites,binclass,8844,1769,2211,30,2,0.9601990049751244,9.826877355575562,0.0018212795257568,ok,
Pima_Indians_Diabetes_Database,/data0/zhuhao2025/tabiclv2_test/data178/Pima_Indians_Diabetes_Database,binclass,614,123,154,8,2,0.6883116883116883,8.480964183807373,0.0016767978668212,ok,
Pumpkin_Seeds,/data0/zhuhao2025/tabiclv2_test/data178/Pumpkin_Seeds,binclass,2000,400,500,12,2,0.87,8.19850754737854,0.0016660690307617,ok,
Rain_in_Australia,/data0/zhuhao2025/tabiclv2_test/data178/Rain_in_Australia,multiclass,116368,23274,29092,18,3,0.8504399835006188,43.37591719627381,0.0057482719421386,ok,
Satellite,/data0/zhuhao2025/tabiclv2_test/data178/Satellite,binclass,4080,816,1020,36,2,0.9852941176470588,9.885273218154907,0.0016937255859375,ok,
UJI_Pen_Characters,/data0/zhuhao2025/tabiclv2_test/data178/UJI_Pen_Characters,multiclass,1091,219,273,80,35,0.1025641025641025,9.478092432022097,0.0013344287872314,ok,
Wilt,/data0/zhuhao2025/tabiclv2_test/data178/Wilt,binclass,3856,772,965,5,2,0.9637305699481864,9.893645524978638,0.0016276836395263,ok,
accelerometer,/data0/zhuhao2025/tabiclv2_test/data178/accelerometer,multiclass,122403,24481,30601,4,4,0.7295840005228588,20.76037979125977,0.0067417621612548,ok,
ada_agnostic,/data0/zhuhao2025/tabiclv2_test/data178/ada_agnostic,binclass,3649,730,913,48,2,0.8181818181818182,8.379835844039917,0.0017189979553222,ok,
airlines_seed_0_nrows_2000_nclasses_10_ncols_100_stratify_True,/data0/zhuhao2025/tabiclv2_test/data178/airlines_seed_0_nrows_2000_nclasses_10_ncols_100_stratify_True,binclass,1600,320,400,7,2,0.605,8.357725381851196,0.0016694068908691,ok,
allrep,/data0/zhuhao2025/tabiclv2_test/data178/allrep,multiclass,3017,604,755,29,4,0.9668874172185432,8.90778374671936,0.0017259120941162,ok,
artificial-characters,/data0/zhuhao2025/tabiclv2_test/data178/artificial-characters,multiclass,8174,1635,2044,7,10,0.7064579256360078,8.708000183105469,0.0023083686828613,ok,
autoUniv-au7-1100,/data0/zhuhao2025/tabiclv2_test/data178/autoUniv-au7-1100,multiclass,880,176,220,12,5,0.2772727272727273,8.53761625289917,0.001645803451538,ok,
banknote_authentication,/data0/zhuhao2025/tabiclv2_test/data178/banknote_authentication,binclass,1097,220,275,4,2,0.5490909090909091,8.33473515510559,0.0022408962249755,ok,
car-evaluation,/data0/zhuhao2025/tabiclv2_test/data178/car-evaluation,multiclass,1382,277,346,21,4,0.8034682080924855,9.708494186401367,0.0014357566833496,ok,
cmc,/data0/zhuhao2025/tabiclv2_test/data178/cmc,multiclass,1178,236,295,9,3,0.5288135593220339,9.52765440940857,0.0014982223510742,ok,
compass,/data0/zhuhao2025/tabiclv2_test/data178/compass,binclass,13315,2663,3329,17,2,0.8044457795133674,10.018108367919922,0.0018987655639648,ok,
credit,/data0/zhuhao2025/tabiclv2_test/data178/credit,binclass,13371,2675,3343,10,2,0.7750523481902483,9.718374967575071,0.0017800331115722,ok,
dabetes_130-us_hospitals,/data0/zhuhao2025/tabiclv2_test/data178/dabetes_130-us_hospitals,binclass,81412,16283,20354,20,2,0.6396777046280829,23.534234523773197,0.0034658908843994,ok,
delta_ailerons,/data0/zhuhao2025/tabiclv2_test/data178/delta_ailerons,binclass,5703,1141,1426,5,2,0.9403927068723704,9.221338748931885,0.0017385482788085,ok,
dna,/data0/zhuhao2025/tabiclv2_test/data178/dna,multiclass,2548,510,638,180,3,0.8934169278996865,9.91658902168274,0.0020453929901123,ok,
dry_bean_dataset,/data0/zhuhao2025/tabiclv2_test/data178/dry_bean_dataset,multiclass,10888,2178,2723,16,7,0.9114946749908188,9.854401111602783,0.0021443367004394,ok,
electricity,/data0/zhuhao2025/tabiclv2_test/data178/electricity,binclass,36249,7250,9063,8,2,0.8866821140902571,11.678614854812622,0.0025956630706787,ok,
eye_movements,/data0/zhuhao2025/tabiclv2_test/data178/eye_movements,multiclass,8748,1750,2188,27,3,0.6851005484460695,9.78099775314331,0.0021357536315917,ok,
first-order-theorem-proving,/data0/zhuhao2025/tabiclv2_test/data178/first-order-theorem-proving,multiclass,4894,979,1224,51,6,0.5522875816993464,8.90671992301941,0.0018174648284912,ok,
gina_agnostic,/data0/zhuhao2025/tabiclv2_test/data178/gina_agnostic,binclass,2774,555,694,970,2,0.8876080691642652,10.225170612335203,0.0016639232635498,ok,
heloc,/data0/zhuhao2025/tabiclv2_test/data178/heloc,binclass,8000,1600,2000,22,2,0.7145,10.184381246566772,0.0011405944824218,ok,
house_16H,/data0/zhuhao2025/tabiclv2_test/data178/house_16H,binclass,10790,2158,2698,16,2,0.8799110452186805,9.794982194900513,0.0019066333770751,ok,
ibm-employee-performance,/data0/zhuhao2025/tabiclv2_test/data178/ibm-employee-performance,binclass,1176,236,294,30,2,0.8469387755102041,9.401811838150024,0.0018777847290039,ok,
internet_firewall,/data0/zhuhao2025/tabiclv2_test/data178/internet_firewall,multiclass,52425,10485,13107,7,4,0.9246967269398032,13.67951774597168,0.0037462711334228,ok,
jm1,/data0/zhuhao2025/tabiclv2_test/data178/jm1,binclass,8708,1742,2177,21,2,0.8112080845199816,9.348146438598633,0.0017380714416503,ok,
kc1,/data0/zhuhao2025/tabiclv2_test/data178/kc1,binclass,1687,338,422,21,2,0.8459715639810427,9.007599592208862,0.0015881061553955,ok,
kr-vs-k,/data0/zhuhao2025/tabiclv2_test/data178/kr-vs-k,multiclass,22444,4489,5612,6,18,0.7564148253741981,10.677852869033812,0.0040709972381591,ok,
led24,/data0/zhuhao2025/tabiclv2_test/data178/led24,multiclass,2560,512,640,24,10,0.5953125,9.21244978904724,0.0018131732940673,ok,
letter,/data0/zhuhao2025/tabiclv2_test/data178/letter,multiclass,16000,3200,4000,15,26,0.9755,10.610862970352173,0.003763198852539,ok,
mammography,/data0/zhuhao2025/tabiclv2_test/data178/mammography,binclass,8946,1790,2237,6,2,0.9865891819400984,9.253039360046388,0.0016074180603027,ok,
mfeat-factors,/data0/zhuhao2025/tabiclv2_test/data178/mfeat-factors,multiclass,1600,320,400,216,10,0.94,8.59398889541626,0.0011651515960693,ok,
mfeat-karhunen,/data0/zhuhao2025/tabiclv2_test/data178/mfeat-karhunen,multiclass,1600,320,400,64,10,0.8775,8.400561332702637,0.0016946792602539,ok,
mfeat-pixel,/data0/zhuhao2025/tabiclv2_test/data178/mfeat-pixel,multiclass,1600,320,400,240,10,0.91,9.274256706237791,0.0017213821411132,ok,
mice_protein_expression,/data0/zhuhao2025/tabiclv2_test/data178/mice_protein_expression,multiclass,864,173,216,75,8,0.7314814814814815,9.38549017906189,0.0010409355163574,ok,
mobile_c36_oversampling,/data0/zhuhao2025/tabiclv2_test/data178/mobile_c36_oversampling,binclass,41408,8282,10352,6,2,0.9892774343122102,12.255068063735962,0.0023927688598632,ok,
naticusdroid+android+permissions+dataset,/data0/zhuhao2025/tabiclv2_test/data178/naticusdroid+android+permissions+dataset,binclass,23465,4693,5867,86,2,0.966933696949037,13.271329402923584,0.0021078586578369,ok,
okcupid_stem,/data0/zhuhao2025/tabiclv2_test/data178/okcupid_stem,multiclass,21341,4269,5336,13,3,0.7470014992503748,10.810685634613035,0.0023937225341796,ok,
one-hundred-plants-shape,/data0/zhuhao2025/tabiclv2_test/data178/one-hundred-plants-shape,multiclass,1280,256,320,64,100,0.08125,8.962360143661499,0.0021562576293945,ok,
online_shoppers,/data0/zhuhao2025/tabiclv2_test/data178/online_shoppers,binclass,9864,1973,2466,14,2,0.8998377939983779,9.638869285583496,0.0018095970153808,ok,
ozone-level-8hr,/data0/zhuhao2025/tabiclv2_test/data178/ozone-level-8hr,binclass,2027,406,507,72,2,0.9368836291913216,9.19016456604004,0.0015654563903808,ok,
pc1,/data0/zhuhao2025/tabiclv2_test/data178/pc1,binclass,887,178,222,21,2,0.9324324324324323,9.228415966033936,0.0015630722045898,ok,
pc4,/data0/zhuhao2025/tabiclv2_test/data178/pc4,binclass,1166,234,292,37,2,0.8767123287671232,9.319095373153688,0.0016155242919921,ok,
phoneme,/data0/zhuhao2025/tabiclv2_test/data178/phoneme,binclass,4323,865,1081,5,2,0.8612395929694727,9.27217984199524,0.0016846656799316,ok,
predict_students_dropout_and_academic_success,/data0/zhuhao2025/tabiclv2_test/data178/predict_students_dropout_and_academic_success,multiclass,3539,708,885,34,3,0.727683615819209,9.476869821548462,0.0017666816711425,ok,
rice_cammeo_and_osmancik,/data0/zhuhao2025/tabiclv2_test/data178/rice_cammeo_and_osmancik,binclass,3048,610,762,7,2,0.9199475065616798,9.791928052902222,0.0016870498657226,ok,
rl,/data0/zhuhao2025/tabiclv2_test/data178/rl,binclass,3976,796,994,12,2,0.6619718309859155,9.710203647613524,0.0016353130340576,ok,
segment,/data0/zhuhao2025/tabiclv2_test/data178/segment,multiclass,1848,370,462,17,7,0.8982683982683982,9.500754594802856,0.0016467571258544,ok,
semeion,/data0/zhuhao2025/tabiclv2_test/data178/semeion,multiclass,1274,255,319,256,10,0.786833855799373,8.750742435455322,0.0017070770263671,ok,
spambase,/data0/zhuhao2025/tabiclv2_test/data178/spambase,binclass,3680,736,921,57,2,0.9435396308360476,8.942887544631958,0.0020458698272705,ok,
sports_articles_for_objectivity_analysis,/data0/zhuhao2025/tabiclv2_test/data178/sports_articles_for_objectivity_analysis,binclass,800,160,200,59,2,0.81,8.251725912094116,0.0014007091522216,ok,
steel_plates_faults,/data0/zhuhao2025/tabiclv2_test/data178/steel_plates_faults,multiclass,1552,311,389,27,7,0.6195372750642674,8.608940362930298,0.0019299983978271,ok,
taiwanese_bankruptcy_prediction,/data0/zhuhao2025/tabiclv2_test/data178/taiwanese_bankruptcy_prediction,binclass,5455,1091,1364,95,2,0.9706744868035192,8.70914363861084,0.0013794898986816,ok,
texture,/data0/zhuhao2025/tabiclv2_test/data178/texture,multiclass,4400,880,1100,40,11,0.9727272727272728,8.556888818740845,0.0023798942565917,ok,
thyroid-ann,/data0/zhuhao2025/tabiclv2_test/data178/thyroid-ann,multiclass,3017,604,755,21,3,0.937748344370861,9.379117965698242,0.0020155906677246,ok,
turiye_student_evaluation,/data0/zhuhao2025/tabiclv2_test/data178/turiye_student_evaluation,multiclass,4656,932,1164,32,5,0.4914089347079037,8.479342460632324,0.0017375946044921,ok,
vehicle,/data0/zhuhao2025/tabiclv2_test/data178/vehicle,multiclass,676,136,170,18,4,0.6647058823529411,8.216196775436401,0.001772403717041,ok,
walking-activity,/data0/zhuhao2025/tabiclv2_test/data178/walking-activity,multiclass,119465,23893,29867,4,22,0.6439213848059732,17.346311330795288,0.0092194080352783,ok,
water_quality,/data0/zhuhao2025/tabiclv2_test/data178/water_quality,binclass,6396,1280,1600,20,2,0.9075,8.550889492034912,0.0017292499542236,ok,
waveform_database_generator,/data0/zhuhao2025/tabiclv2_test/data178/waveform_database_generator,multiclass,3999,800,1000,21,3,0.326,8.775606393814087,0.001150369644165,ok,
website_phishing,/data0/zhuhao2025/tabiclv2_test/data178/website_phishing,multiclass,1082,217,271,9,3,0.8523985239852399,7.906930208206177,0.001598834991455,ok,
wine-quality-red,/data0/zhuhao2025/tabiclv2_test/data178/wine-quality-red,multiclass,1279,256,320,4,6,0.559375,7.575095891952515,0.0015735626220703,ok,
yeast,/data0/zhuhao2025/tabiclv2_test/data178/yeast,multiclass,1187,238,297,8,10,0.4579124579124579,7.631617069244385,0.0011374950408935,ok,
